transaction_id,date,customer_age,gender,region,product_category,quantity,unit_price,total_sales,payment_method,customer_rating
TXN00001,2023-01-01 00:00:00.000000,54.0,Male,South,Clothing,1,199,2717.9,UPI,5
TXN00002,2023-01-01 08:44:41.081081,41.0,Female,West,Electronics,7,4999,2311.51,Debit Card,2
TXN00003,2023-01-01 17:29:22.162162,66.0,Female,South,Clothing,3,199,2814.52,Cash,2
TXN00004,2023-01-02 02:14:03.243243,36.0,Female,West,Groceries,8,499,3374.74,Cash,3
TXN00005,2023-01-02 10:58:44.324324,68.0,Female,East,Groceries,3,199,2250.14,Cash,5
TXN00006,2023-01-02 19:43:25.405405,42.0,Male,East,Furniture,1,9999,2250.15,UPI,4
TXN00007,2023-01-03 04:28:06.486486,38.0,Male,West,Furniture,5,2999,3410.7,UPI,5
TXN00008,2023-01-03 13:12:47.567567,29.0,Female,North,Groceries,2,9999,2891.16,Debit Card,4
TXN00009,2023-01-03 21:57:28.648648,58.0,Female,South,Furniture,4,2999,2099.54,Debit Card,3
TXN00010,2023-01-04 06:42:09.729729,50.0,Male,South,Electronics,1,199,2747.24,Debit Card,3
TXN00011,2023-01-04 15:26:50.810810,67.0,Male,South,Clothing,9,4999,2103.41,Debit Card,4
TXN00012,2023-01-05 00:11:31.891891,21.0,Male,West,Furniture,6,2999,2101.93,Credit Card,4
TXN00013,2023-01-05 08:56:12.972972,59.0,Male,East,Clothing,8,1499,2554.86,Cash,4
TXN00014,2023-01-05 17:40:54.054054,24.0,Female,South,Sports,4,2999,1175.5,Credit Card,3
TXN00015,2023-01-06 02:25:35.135135,39.0,Female,East,Groceries,9,9999,1296.05,Credit Card,5
TXN00016,2023-01-06 11:10:16.216216,50.0,Male,South,Furniture,2,199,2040.14,Credit Card,3
TXN00017,2023-01-06 19:54:57.297297,34.0,Male,South,Clothing,9,4999,1751.79,Credit Card,5
TXN00018,2023-01-07 04:39:38.378378,41.0,Male,West,Clothing,5,999,2601.12,Cash,1
TXN00019,2023-01-07 13:24:19.459459,51.0,Male,North,Clothing,6,4999,1818.86,Credit Card,4
TXN00020,2023-01-07 22:09:00.540540,45.0,Male,West,Groceries,3,4999,1496.13,Debit Card,3
TXN00021,2023-01-08 06:53:41.621621,60.0,Male,South,Groceries,4,4999,3338.02,UPI,4
TXN00022,2023-01-08 15:38:22.702702,58.0,Female,South,Sports,6,1499,2255.5,Debit Card,4
TXN00023,2023-01-09 00:23:03.783783,56.0,Female,North,Clothing,7,499,2443.22,UPI,4
TXN00024,2023-01-09 09:07:44.864864,,Female,East,Electronics,1,9999,1488.16,Debit Card,4
TXN00025,2023-01-09 17:52:25.945945,66.0,Male,East,Clothing,7,199,2051.6,Debit Card,4
TXN00026,2023-01-10 02:37:07.027027,34.0,Male,South,Groceries,1,499,2470.99,UPI,4
TXN00027,2023-01-10 11:21:48.108108,51.0,Male,East,Sports,5,999,1663.36,Cash,5
TXN00028,2023-01-10 20:06:29.189189,23.0,Female,South,Clothing,6,499,2640.45,Credit Card,3
TXN00029,2023-01-11 04:51:10.270270,63.0,Male,North,Groceries,2,199,2015.59,Debit Card,4
TXN00030,2023-01-11 13:35:51.351351,23.0,Male,North,Clothing,9,9999,2213.32,Cash,4
TXN00031,2023-01-11 22:20:32.432432,51.0,Female,South,Groceries,6,9999,2014.91,Credit Card,4
TXN00032,2023-01-12 07:05:13.513513,18.0,Male,North,Sports,7,199,3585.46,Cash,4
TXN00033,2023-01-12 15:49:54.594594,27.0,Female,West,Electronics,8,999,2391.36,Cash,3
TXN00034,2023-01-13 00:34:35.675675,,Female,West,Clothing,1,199,1723.07,Credit Card,2
TXN00035,2023-01-13 09:19:16.756756,22.0,Male,North,Sports,8,999,2926.43,Debit Card,3
TXN00036,2023-01-13 18:03:57.837837,19.0,Female,South,Sports,4,999,1618.66,Cash,2
TXN00037,2023-01-14 02:48:38.918918,39.0,Male,South,Groceries,8,199,2533.67,Debit Card,4
TXN00038,2023-01-14 11:33:20.000000,65.0,Female,North,Groceries,6,2999,1145.81,Debit Card,4
TXN00039,2023-01-14 20:18:01.081081,19.0,Male,East,Clothing,9,9999,1549.96,Debit Card,5
TXN00040,2023-01-15 05:02:42.162162,27.0,Female,West,Groceries,4,999,2525.99,Credit Card,4
TXN00041,2023-01-15 13:47:23.243243,51.0,Male,East,Furniture,2,199,16386.564669811392,UPI,2
TXN00042,2023-01-15 22:32:04.324324,33.0,Female,South,Groceries,2,2999,2509.68,Debit Card,5
TXN00043,2023-01-16 07:16:45.405405,65.0,Female,South,Clothing,5,9999,2325.99,UPI,5
TXN00044,2023-01-16 16:01:26.486486,68.0,Female,East,Electronics,9,999,2207.29,UPI,4
TXN00045,2023-01-17 00:46:07.567567,56.0,Male,North,Clothing,3,9999,1453.75,Cash,4
TXN00046,2023-01-17 09:30:48.648648,39.0,Male,East,Electronics,8,2999,1939.3,Debit Card,5
TXN00047,2023-01-17 18:15:29.729729,29.0,Female,East,Electronics,4,9999,2105.19,Debit Card,4
TXN00048,2023-01-18 03:00:10.810810,41.0,Male,West,Clothing,6,1499,3076.56,Debit Card,5
TXN00049,2023-01-18 11:44:51.891891,64.0,Female,West,Electronics,6,4999,2619.92,UPI,2
TXN00050,2023-01-18 20:29:32.972972,57.0,Male,East,Electronics,3,1499,1271.65,Credit Card,3
TXN00051,2023-01-19 05:14:14.054054,55.0,Female,East,Groceries,5,2999,2607.41,UPI,4
TXN00052,2023-01-19 13:58:55.135135,27.0,Male,South,Electronics,3,999,2153.55,Debit Card,4
TXN00053,2023-01-19 22:43:36.216216,52.0,Female,West,Electronics,1,199,1966.77,Debit Card,5
TXN00054,2023-01-20 07:28:17.297297,68.0,Female,West,Clothing,7,499,2791.47,Debit Card,5
TXN00055,2023-01-20 16:12:58.378378,66.0,Female,South,Electronics,4,199,3059.84,UPI,4
TXN00056,2023-01-21 00:57:39.459459,49.0,Female,North,Groceries,7,9999,2996.02,Debit Card,1
TXN00057,2023-01-21 09:42:20.540540,24.0,Male,West,Electronics,3,499,1862.9,Cash,5
TXN00058,2023-01-21 18:27:01.621621,38.0,Female,West,Furniture,5,499,2202.1,Debit Card,4
TXN00059,2023-01-22 03:11:42.702702,37.0,Male,North,Sports,5,9999,2612.01,Credit Card,3
TXN00060,2023-01-22 11:56:23.783783,,Male,West,Groceries,2,9999,3024.35,Cash,4
TXN00061,2023-01-22 20:41:04.864864,21.0,Female,West,Groceries,2,999,2093.33,Debit Card,4
TXN00062,2023-01-23 05:25:45.945945,63.0,Male,North,Sports,4,2999,2281.18,Cash,5
TXN00063,2023-01-23 14:10:27.027027,69.0,Male,North,Groceries,4,199,1691.95,Debit Card,4
TXN00064,2023-01-23 22:55:08.108108,39.0,Male,East,Electronics,4,2999,1634.43,Credit Card,3
TXN00065,2023-01-24 07:39:49.189189,32.0,Female,South,Clothing,6,1499,2920.02,Debit Card,5
TXN00066,2023-01-24 16:24:30.270270,57.0,Male,South,Sports,2,999,3267.99,Cash,4
TXN00067,2023-01-25 01:09:11.351351,38.0,Male,North,Clothing,6,999,2353.91,Credit Card,4
TXN00068,2023-01-25 09:53:52.432432,32.0,Female,North,Electronics,7,1499,3042.26,UPI,3
TXN00069,2023-01-25 18:38:33.513513,39.0,Female,West,Groceries,3,199,2631.45,Credit Card,4
TXN00070,2023-01-26 03:23:14.594594,69.0,Male,East,Furniture,8,4999,1987.12,Credit Card,3
TXN00071,2023-01-26 12:07:55.675675,45.0,Female,East,Electronics,2,1499,2631.29,Credit Card,3
TXN00072,2023-01-26 20:52:36.756756,31.0,Male,North,Groceries,8,199,3384.34,Cash,4
TXN00073,2023-01-27 05:37:17.837837,44.0,Male,West,Electronics,5,499,2377.07,Credit Card,3
TXN00074,2023-01-27 14:21:58.918918,58.0,Male,West,Groceries,2,9999,3401.37,Debit Card,4
TXN00075,2023-01-27 23:06:40.000000,57.0,Female,South,Clothing,7,999,723.36,Credit Card,2
TXN00076,2023-01-28 07:51:21.081081,45.0,Male,South,Clothing,2,199,2926.02,Credit Card,4
TXN00077,2023-01-28 16:36:02.162162,43.0,Female,West,Furniture,6,2999,2455.71,Debit Card,3
TXN00078,2023-01-29 01:20:43.243243,66.0,Female,South,Groceries,3,9999,2208.64,Debit Card,1
TXN00079,2023-01-29 10:05:24.324324,19.0,Male,North,Groceries,9,2999,2458.73,UPI,2
TXN00080,2023-01-29 18:50:05.405405,42.0,Female,West,Clothing,3,9999,1127.96,Credit Card,5
TXN00081,2023-01-30 03:34:46.486486,20.0,Female,,Clothing,3,999,19057.08491425648,Cash,5
TXN00082,2023-01-30 12:19:27.567567,25.0,Female,East,Groceries,5,1499,2628.55,Credit Card,3
TXN00083,2023-01-30 21:04:08.648648,61.0,Female,West,Electronics,7,4999,3345.85,Credit Card,5
TXN00084,2023-01-31 05:48:49.729729,50.0,Female,West,Clothing,8,1499,2068.31,Debit Card,4
TXN00085,2023-01-31 14:33:30.810810,59.0,Male,East,Electronics,7,199,1882.56,UPI,5
TXN00086,2023-01-31 23:18:11.891891,69.0,Female,North,Groceries,9,1499,2078.88,Credit Card,4
TXN00087,2023-02-01 08:02:52.972972,52.0,Male,East,Sports,5,999,2985.86,Cash,4
TXN00088,2023-02-01 16:47:34.054054,23.0,Male,West,Sports,3,199,2610.4,Credit Card,2
TXN00089,2023-02-02 01:32:15.135135,56.0,Male,North,Groceries,6,499,2060.95,Cash,4
TXN00090,2023-02-02 10:16:56.216216,69.0,Male,South,Clothing,5,1499,2728.49,Debit Card,5
TXN00091,2023-02-02 19:01:37.297297,40.0,Male,South,Clothing,4,1499,17801.24582040892,UPI,4
TXN00092,2023-02-03 03:46:18.378378,42.0,Male,South,Furniture,2,4999,3019.93,Credit Card,3
TXN00093,2023-02-03 12:30:59.459459,67.0,Female,West,Electronics,7,199,1950.69,UPI,2
TXN00094,2023-02-03 21:15:40.540540,60.0,Female,East,Sports,5,2999,2190.3,Credit Card,4
TXN00095,2023-02-04 06:00:21.621621,36.0,Female,North,Clothing,4,1499,2149.05,Cash,4
TXN00096,2023-02-04 14:45:02.702702,22.0,Male,South,Sports,8,999,1463.35,UPI,4
TXN00097,2023-02-04 23:29:43.783783,68.0,Female,,Furniture,9,1499,2589.52,Credit Card,5
TXN00098,2023-02-05 08:14:24.864864,28.0,Female,West,Furniture,9,4999,2567.08,Debit Card,1
TXN00099,2023-02-05 16:59:05.945945,29.0,Female,South,Clothing,3,499,2403.27,Cash,3
TXN00100,2023-02-06 01:43:47.027027,27.0,Male,West,Electronics,3,4999,2249.86,UPI,5
TXN00101,2023-02-06 10:28:28.108108,25.0,Female,East,Clothing,5,1499,1494.16,Credit Card,3
TXN00102,2023-02-06 19:13:09.189189,41.0,Male,West,Clothing,5,2999,2130.79,UPI,3
TXN00103,2023-02-07 03:57:50.270270,45.0,Female,West,Electronics,2,9999,2180.66,Credit Card,4
TXN00104,2023-02-07 12:42:31.351351,58.0,Male,East,Groceries,1,1499,1886.54,Cash,5
TXN00105,2023-02-07 21:27:12.432432,53.0,Male,North,Clothing,8,199,2296.78,Debit Card,2
TXN00106,2023-02-08 06:11:53.513513,54.0,Male,East,Groceries,3,1499,2658.59,Cash,5
TXN00107,2023-02-08 14:56:34.594594,38.0,Female,East,Groceries,1,2999,3607.16,UPI,5
TXN00108,2023-02-08 23:41:15.675675,25.0,Female,West,Electronics,1,199,2511.73,UPI,3
TXN00109,2023-02-09 08:25:56.756756,26.0,Male,North,Sports,2,999,2564.83,Credit Card,4
TXN00110,2023-02-09 17:10:37.837837,64.0,Female,South,Electronics,6,199,2352.35,Cash,4
TXN00111,2023-02-10 01:55:18.918918,32.0,Male,East,Clothing,6,4999,1171.99,Credit Card,4
TXN00112,2023-02-10 10:40:00.000000,65.0,Male,North,Groceries,3,499,2383.03,Cash,5
TXN00113,2023-02-10 19:24:41.081081,63.0,Female,East,Furniture,4,4999,2438.55,UPI,5
TXN00114,2023-02-11 04:09:22.162162,57.0,Female,East,Electronics,2,9999,3976.47,Credit Card,2
TXN00115,2023-02-11 12:54:03.243243,35.0,Female,East,Clothing,2,199,2276.89,Credit Card,4
TXN00116,2023-02-11 21:38:44.324324,59.0,Male,East,Groceries,7,999,2592.99,Cash,4
TXN00117,2023-02-12 06:23:25.405405,,Male,West,Electronics,1,1499,2377.78,Debit Card,4
TXN00118,2023-02-12 15:08:06.486486,23.0,Female,North,Groceries,7,199,1652.05,Cash,4
TXN00119,2023-02-12 23:52:47.567567,29.0,Male,North,Sports,1,4999,3131.41,Debit Card,2
TXN00120,2023-02-13 08:37:28.648648,,Female,North,Sports,6,199,2881.24,Cash,4
TXN00121,2023-02-13 17:22:09.729729,24.0,Male,East,Electronics,3,199,2906.26,UPI,4
TXN00122,2023-02-14 02:06:50.810810,33.0,Female,West,Electronics,8,199,1817.99,Credit Card,3
TXN00123,2023-02-14 10:51:31.891891,20.0,Female,East,Clothing,6,999,3297.79,Cash,5
TXN00124,2023-02-14 19:36:12.972972,62.0,Male,East,Clothing,2,2999,1502.82,UPI,5
TXN00125,2023-02-15 04:20:54.054054,20.0,Female,North,Electronics,8,2999,2775.59,Cash,4
TXN00126,2023-02-15 13:05:35.135135,44.0,Female,East,Electronics,5,199,3801.89,Credit Card,3
TXN00127,2023-02-15 21:50:16.216216,67.0,Male,South,Sports,8,999,1766.06,Cash,4
TXN00128,2023-02-16 06:34:57.297297,60.0,Female,East,Sports,8,999,2037.57,Debit Card,3
TXN00129,2023-02-16 15:19:38.378378,57.0,Male,South,Electronics,6,9999,2463.78,Credit Card,3
TXN00130,2023-02-17 00:04:19.459459,55.0,Female,East,Clothing,2,199,2077.78,Debit Card,4
TXN00131,2023-02-17 08:49:00.540540,,Male,West,Clothing,8,4999,1407.58,UPI,1
TXN00132,2023-02-17 17:33:41.621621,45.0,Female,West,Electronics,6,4999,2443.88,UPI,2
TXN00133,2023-02-18 02:18:22.702702,18.0,Female,North,Groceries,6,499,1720.13,Cash,1
TXN00134,2023-02-18 11:03:03.783783,25.0,Female,East,Groceries,8,199,2703.1,Debit Card,3
TXN00135,2023-02-18 19:47:44.864864,54.0,Female,South,Sports,1,499,1811.57,Debit Card,2
TXN00136,2023-02-19 04:32:25.945945,49.0,Male,South,Groceries,2,4999,3391.96,Credit Card,5
TXN00137,2023-02-19 13:17:07.027027,65.0,Male,East,Groceries,9,4999,1898.72,Debit Card,3
TXN00138,2023-02-19 22:01:48.108108,60.0,Male,South,Groceries,8,199,2193.88,Debit Card,2
TXN00139,2023-02-20 06:46:29.189189,54.0,Male,West,Clothing,7,499,2920.65,Credit Card,3
TXN00140,2023-02-20 15:31:10.270270,21.0,Male,South,Groceries,7,499,1612.25,Credit Card,5
TXN00141,2023-02-21 00:15:51.351351,47.0,Male,North,Groceries,5,199,2545.57,Debit Card,4
TXN00142,2023-02-21 09:00:32.432432,23.0,Male,West,Electronics,2,9999,3236.57,Cash,4
TXN00143,2023-02-21 17:45:13.513513,63.0,Female,West,Electronics,6,499,1371.21,Credit Card,5
TXN00144,2023-02-22 02:29:54.594594,36.0,Female,West,Clothing,3,9999,2518.17,Credit Card,4
TXN00145,2023-02-22 11:14:35.675675,49.0,Female,East,Sports,4,1499,2566.32,Debit Card,3
TXN00146,2023-02-22 19:59:16.756756,26.0,Female,East,Electronics,2,4999,2900.37,Debit Card,3
TXN00147,2023-02-23 04:43:57.837837,29.0,Male,West,Clothing,2,2999,1608.35,Credit Card,4
TXN00148,2023-02-23 13:28:38.918918,28.0,Male,East,Clothing,8,9999,1554.91,Debit Card,3
TXN00149,2023-02-23 22:13:20.000000,63.0,Male,South,Groceries,8,9999,2734.04,Credit Card,4
TXN00150,2023-02-24 06:58:01.081081,33.0,Female,East,Electronics,6,9999,2590.07,Cash,3
TXN00151,2023-02-24 15:42:42.162162,18.0,Male,East,Sports,5,999,2560.32,Cash,4
TXN00152,2023-02-25 00:27:23.243243,62.0,Female,West,Sports,8,499,2621.73,Credit Card,2
TXN00153,2023-02-25 09:12:04.324324,38.0,Male,North,Groceries,4,499,1964.78,Credit Card,3
TXN00154,2023-02-25 17:56:45.405405,47.0,Male,North,Groceries,4,999,2548.64,UPI,4
TXN00155,2023-02-26 02:41:26.486486,30.0,Male,North,Electronics,5,499,2587.57,UPI,5
TXN00156,2023-02-26 11:26:07.567567,51.0,Male,South,Clothing,1,999,1942.82,Debit Card,4
TXN00157,2023-02-26 20:10:48.648648,21.0,Female,East,Furniture,1,9999,3594.1,Debit Card,4
TXN00158,2023-02-27 04:55:29.729729,45.0,Female,North,Electronics,2,199,2703.25,Credit Card,3
TXN00159,2023-02-27 13:40:10.810810,55.0,Male,West,Clothing,8,1499,1637.57,Credit Card,2
TXN00160,2023-02-27 22:24:51.891891,48.0,Female,North,Groceries,7,9999,2820.19,UPI,2
TXN00161,2023-02-28 07:09:32.972972,44.0,Male,North,Clothing,9,1499,1776.2,UPI,3
TXN00162,2023-02-28 15:54:14.054054,22.0,Male,East,Sports,5,4999,2903.73,Credit Card,3
TXN00163,2023-03-01 00:38:55.135135,,Male,East,Electronics,2,9999,3926.88,Cash,3
TXN00164,2023-03-01 09:23:36.216216,20.0,Male,East,Furniture,7,2999,2343.45,Cash,5
TXN00165,2023-03-01 18:08:17.297297,50.0,Female,South,Groceries,8,499,3770.7,Debit Card,1
TXN00166,2023-03-02 02:52:58.378378,21.0,Male,South,Furniture,7,2999,3330.22,Credit Card,4
TXN00167,2023-03-02 11:37:39.459459,42.0,Male,North,Clothing,7,199,3657.65,Credit Card,4
TXN00168,2023-03-02 20:22:20.540540,37.0,Female,East,Groceries,5,1499,4517.43,Debit Card,4
TXN00169,2023-03-03 05:07:01.621621,51.0,Male,North,Sports,2,9999,2803.69,UPI,4
TXN00170,2023-03-03 13:51:42.702702,43.0,Female,West,Groceries,6,199,2397.01,UPI,3
TXN00171,2023-03-03 22:36:23.783783,22.0,Male,West,Clothing,4,199,2288.39,Cash,3
TXN00172,2023-03-04 07:21:04.864864,52.0,Male,East,Groceries,2,499,2347.35,Credit Card,4
TXN00173,2023-03-04 16:05:45.945945,45.0,Male,East,Groceries,9,199,2938.32,UPI,5
TXN00174,2023-03-05 00:50:27.027027,46.0,Male,West,Clothing,7,9999,3272.92,Cash,3
TXN00175,2023-03-05 09:35:08.108108,26.0,Male,East,Sports,6,9999,3221.35,Cash,2
TXN00176,2023-03-05 18:19:49.189189,69.0,Male,South,Clothing,5,1499,3661.75,Cash,5
TXN00177,2023-03-06 03:04:30.270270,55.0,Female,South,Groceries,3,9999,3010.4,UPI,3
TXN00178,2023-03-06 11:49:11.351351,67.0,Male,East,Furniture,4,2999,4162.83,UPI,4
TXN00179,2023-03-06 20:33:52.432432,23.0,Female,West,Groceries,3,1499,2788.27,Credit Card,4
TXN00180,2023-03-07 05:18:33.513513,,Female,North,Sports,8,499,5176.14,Credit Card,2
TXN00181,2023-03-07 14:03:14.594594,61.0,Male,East,Sports,3,1499,3500.53,Cash,4
TXN00182,2023-03-07 22:47:55.675675,28.0,Female,East,Clothing,7,999,13894.274474491083,Cash,4
TXN00183,2023-03-08 07:32:36.756756,19.0,Male,North,Electronics,7,2999,2143.29,UPI,3
TXN00184,2023-03-08 16:17:17.837837,64.0,Female,East,Electronics,7,999,3385.98,UPI,4
TXN00185,2023-03-09 01:01:58.918918,61.0,Male,North,Groceries,7,999,2821.23,Credit Card,5
TXN00186,2023-03-09 09:46:40.000000,61.0,Female,West,Sports,2,4999,3571.2,Credit Card,4
TXN00187,2023-03-09 18:31:21.081081,26.0,Female,South,Electronics,3,9999,3378.59,Debit Card,2
TXN00188,2023-03-10 03:16:02.162162,38.0,Male,West,Electronics,9,499,2941.74,Credit Card,4
TXN00189,2023-03-10 12:00:43.243243,41.0,Female,South,Electronics,3,199,2322.57,UPI,4
TXN00190,2023-03-10 20:45:24.324324,51.0,Male,North,Furniture,2,999,1788.12,Cash,5
TXN00191,2023-03-11 05:30:05.405405,39.0,Male,South,Clothing,9,1499,2642.79,Debit Card,4
TXN00192,2023-03-11 14:14:46.486486,20.0,Male,West,Clothing,9,199,3685.12,Credit Card,3
TXN00193,2023-03-11 22:59:27.567567,29.0,Male,South,Groceries,4,1499,3171.27,Credit Card,4
TXN00194,2023-03-12 07:44:08.648648,45.0,Male,North,Furniture,9,1499,2003.41,UPI,4
TXN00195,2023-03-12 16:28:49.729729,47.0,Female,South,Groceries,3,199,3138.54,Debit Card,1
TXN00196,2023-03-13 01:13:30.810810,43.0,Female,East,Groceries,7,199,3308.25,Credit Card,4
TXN00197,2023-03-13 09:58:11.891891,65.0,Female,West,Electronics,7,9999,2292.91,Cash,3
TXN00198,2023-03-13 18:42:52.972972,38.0,Male,East,Groceries,8,1499,3122.98,UPI,4
TXN00199,2023-03-14 03:27:34.054054,45.0,Female,North,Groceries,4,499,15147.582772508733,Debit Card,3
TXN00200,2023-03-14 12:12:15.135135,,Female,South,Sports,3,9999,2085.62,Credit Card,4
TXN00201,2023-03-14 20:56:56.216216,,Female,East,Electronics,3,2999,3286.23,Credit Card,5
TXN00202,2023-03-15 05:41:37.297297,38.0,Female,East,Electronics,5,4999,3448.63,Debit Card,5
TXN00203,2023-03-15 14:26:18.378378,52.0,Female,South,Electronics,1,2999,3866.44,UPI,5
TXN00204,2023-03-15 23:10:59.459459,69.0,Male,South,Clothing,3,499,3843.04,Debit Card,5
TXN00205,2023-03-16 07:55:40.540540,51.0,Male,West,Furniture,6,9999,1897.86,Debit Card,1
TXN00206,2023-03-16 16:40:21.621621,58.0,Female,East,Electronics,3,4999,2249.74,UPI,4
TXN00207,2023-03-17 01:25:02.702702,68.0,Male,East,Groceries,5,9999,3412.03,Credit Card,4
TXN00208,2023-03-17 10:09:43.783783,64.0,Male,North,Clothing,9,199,3411.03,Cash,5
TXN00209,2023-03-17 18:54:24.864864,35.0,Female,West,Electronics,2,4999,3412.04,UPI,3
TXN00210,2023-03-18 03:39:05.945945,28.0,Female,North,Groceries,2,1499,6082.19,Cash,5
TXN00211,2023-03-18 12:23:47.027027,,Male,East,Clothing,6,2999,3456.71,Credit Card,4
TXN00212,2023-03-18 21:08:28.108108,65.0,Female,North,Clothing,6,4999,3908.45,Debit Card,5
TXN00213,2023-03-19 05:53:09.189189,39.0,Male,East,Groceries,8,1499,3763.2,Cash,2
TXN00214,2023-03-19 14:37:50.270270,34.0,Male,East,Groceries,2,9999,3521.11,Credit Card,3
TXN00215,2023-03-19 23:22:31.351351,22.0,Female,North,Electronics,9,499,2747.78,Credit Card,5
TXN00216,2023-03-20 08:07:12.432432,61.0,Male,North,Sports,2,4999,3607.18,Debit Card,1
TXN00217,2023-03-20 16:51:53.513513,,Male,South,Groceries,1,1499,2381.74,Debit Card,5
TXN00218,2023-03-21 01:36:34.594594,47.0,Male,South,Furniture,2,9999,2810.55,Credit Card,1
TXN00219,2023-03-21 10:21:15.675675,32.0,Female,South,Electronics,7,9999,2611.71,Credit Card,4
TXN00220,2023-03-21 19:05:56.756756,44.0,Female,East,Electronics,8,9999,3065.5,Cash,4
TXN00221,2023-03-22 03:50:37.837837,52.0,Female,North,Electronics,5,499,4851.73,Credit Card,4
TXN00222,2023-03-22 12:35:18.918918,50.0,Female,West,Electronics,6,199,1506.19,Credit Card,4
TXN00223,2023-03-22 21:20:00.000000,37.0,Male,East,Clothing,1,499,3549.01,Cash,3
TXN00224,2023-03-23 06:04:41.081081,33.0,Female,West,Sports,6,499,1709.83,UPI,2
TXN00225,2023-03-23 14:49:22.162162,51.0,Female,North,Groceries,8,2999,16995.403571773822,Cash,2
TXN00226,2023-03-23 23:34:03.243243,19.0,Female,East,Clothing,3,9999,3871.16,Cash,4
TXN00227,2023-03-24 08:18:44.324324,52.0,Female,West,Groceries,1,1499,3051.42,Debit Card,4
TXN00228,2023-03-24 17:03:25.405405,57.0,Male,West,Electronics,4,4999,2137.8,Cash,4
TXN00229,2023-03-25 01:48:06.486486,45.0,Male,South,Groceries,1,2999,2427.76,Credit Card,4
TXN00230,2023-03-25 10:32:47.567567,64.0,Male,South,Groceries,8,9999,3543.68,Credit Card,4
TXN00231,2023-03-25 19:17:28.648648,56.0,Female,South,Furniture,5,999,2415.71,Credit Card,4
TXN00232,2023-03-26 04:02:09.729729,23.0,Female,East,Sports,1,499,3173.17,UPI,1
TXN00233,2023-03-26 12:46:50.810810,26.0,Male,North,Clothing,8,999,3036.46,Credit Card,3
TXN00234,2023-03-26 21:31:31.891891,37.0,Female,North,Groceries,9,9999,2478.72,UPI,5
TXN00235,2023-03-27 06:16:12.972972,18.0,Female,South,Sports,2,2999,4715.16,Credit Card,5
TXN00236,2023-03-27 15:00:54.054054,25.0,Male,South,Furniture,9,1499,3507.14,Cash,3
TXN00237,2023-03-27 23:45:35.135135,40.0,Male,South,Groceries,8,2999,1379.89,Debit Card,4
TXN00238,2023-03-28 08:30:16.216216,20.0,Female,West,Sports,7,1499,3149.16,Credit Card,5
TXN00239,2023-03-28 17:14:57.297297,,Female,South,Electronics,3,1499,2470.57,UPI,4
TXN00240,2023-03-29 01:59:38.378378,42.0,Female,West,Sports,2,9999,3681.95,UPI,1
TXN00241,2023-03-29 10:44:19.459459,64.0,Male,North,Electronics,7,199,2365.98,Debit Card,2
TXN00242,2023-03-29 19:29:00.540540,55.0,Male,East,Groceries,5,9999,2908.21,Credit Card,4
TXN00243,2023-03-30 04:13:41.621621,32.0,Male,East,Sports,6,499,3403.99,Cash,5
TXN00244,2023-03-30 12:58:22.702702,38.0,Male,East,Clothing,4,2999,3692.6,Credit Card,4
TXN00245,2023-03-30 21:43:03.783783,52.0,Female,East,Groceries,2,1499,13159.720579038536,Credit Card,2
TXN00246,2023-03-31 06:27:44.864864,63.0,Male,West,Clothing,9,9999,2732.4,Debit Card,3
TXN00247,2023-03-31 15:12:25.945945,69.0,Male,West,Sports,3,9999,2620.04,Credit Card,5
TXN00248,2023-03-31 23:57:07.027027,31.0,Female,South,Furniture,7,2999,2477.34,Cash,5
TXN00249,2023-04-01 08:41:48.108108,53.0,Female,West,Groceries,8,2999,4412.36,UPI,4
TXN00250,2023-04-01 17:26:29.189189,29.0,Female,South,Groceries,2,1499,3323.99,Debit Card,4
TXN00251,2023-04-02 02:11:10.270270,34.0,Male,South,Furniture,6,4999,1991.29,Cash,1
TXN00252,2023-04-02 10:55:51.351351,56.0,Female,East,Clothing,8,999,3734.29,UPI,5
TXN00253,2023-04-02 19:40:32.432432,26.0,Female,West,Clothing,7,499,4697.72,Debit Card,5
TXN00254,2023-04-03 04:25:13.513513,52.0,Male,West,Groceries,3,499,3825.97,Debit Card,3
TXN00255,2023-04-03 13:09:54.594594,30.0,Male,South,Clothing,1,4999,1784.5,UPI,4
TXN00256,2023-04-03 21:54:35.675675,32.0,Female,South,Electronics,6,199,2612.61,UPI,3
TXN00257,2023-04-04 06:39:16.756756,35.0,Male,North,Electronics,8,4999,4013.53,Cash,1
TXN00258,2023-04-04 15:23:57.837837,68.0,Female,North,Electronics,6,199,2433.86,Credit Card,3
TXN00259,2023-04-05 00:08:38.918918,50.0,Female,South,Sports,5,199,3355.06,Credit Card,3
TXN00260,2023-04-05 08:53:20.000000,23.0,Male,North,Groceries,8,4999,3619.71,Credit Card,3
TXN00261,2023-04-05 17:38:01.081081,44.0,Female,North,Groceries,2,499,2258.46,Credit Card,4
TXN00262,2023-04-06 02:22:42.162162,40.0,Male,South,Clothing,1,999,2952.38,Credit Card,4
TXN00263,2023-04-06 11:07:23.243243,44.0,Male,South,Clothing,1,499,406.99,Cash,4
TXN00264,2023-04-06 19:52:04.324324,51.0,Male,West,Clothing,4,9999,2180.49,Debit Card,3
TXN00265,2023-04-07 04:36:45.405405,63.0,Female,South,Furniture,6,499,2797.95,Cash,1
TXN00266,2023-04-07 13:21:26.486486,55.0,Male,South,Groceries,9,499,2001.77,Cash,4
TXN00267,2023-04-07 22:06:07.567567,31.0,Male,East,Sports,1,4999,4305.93,Cash,4
TXN00268,2023-04-08 06:50:48.648648,53.0,Female,West,Groceries,1,4999,1855.89,Debit Card,3
TXN00269,2023-04-08 15:35:29.729729,25.0,Female,West,Groceries,5,9999,2647.96,Cash,5
TXN00270,2023-04-09 00:20:10.810810,52.0,Female,West,Groceries,5,9999,3104.59,Cash,4
TXN00271,2023-04-09 09:04:51.891891,36.0,Female,East,Sports,5,4999,4153.02,Debit Card,5
TXN00272,2023-04-09 17:49:32.972972,47.0,Male,South,Furniture,6,499,1851.31,Cash,4
TXN00273,2023-04-10 02:34:14.054054,31.0,Male,West,Electronics,8,999,3930.53,Credit Card,2
TXN00274,2023-04-10 11:18:55.135135,37.0,Male,West,Groceries,3,199,3008.19,UPI,4
TXN00275,2023-04-10 20:03:36.216216,66.0,Female,North,Groceries,9,2999,2214.79,Cash,3
TXN00276,2023-04-11 04:48:17.297297,42.0,Female,West,Groceries,1,199,3369.68,UPI,4
TXN00277,2023-04-11 13:32:58.378378,57.0,Male,South,Electronics,4,9999,3159.25,Cash,2
TXN00278,2023-04-11 22:17:39.459459,41.0,Female,South,Sports,9,9999,2519.83,Cash,5
TXN00279,2023-04-12 07:02:20.540540,31.0,Female,North,Sports,8,199,3055.84,Credit Card,2
TXN00280,2023-04-12 15:47:01.621621,43.0,Male,West,Electronics,9,2999,2691.75,Debit Card,5
TXN00281,2023-04-13 00:31:42.702702,55.0,Male,West,Sports,1,499,3090.81,UPI,5
TXN00282,2023-04-13 09:16:23.783783,40.0,Female,West,Electronics,9,999,3529.7,Debit Card,4
TXN00283,2023-04-13 18:01:04.864864,39.0,Female,East,Electronics,3,999,4268.81,Credit Card,4
TXN00284,2023-04-14 02:45:45.945945,65.0,Female,West,Electronics,9,199,2009.75,Credit Card,4
TXN00285,2023-04-14 11:30:27.027027,,Male,South,Electronics,1,2999,4706.43,UPI,5
TXN00286,2023-04-14 20:15:08.108108,63.0,Male,South,Furniture,1,9999,1438.33,Debit Card,4
TXN00287,2023-04-15 04:59:49.189189,68.0,Male,East,Electronics,9,1499,2878.57,Credit Card,5
TXN00288,2023-04-15 13:44:30.270270,20.0,Male,East,Clothing,6,499,3470.65,Cash,4
TXN00289,2023-04-15 22:29:11.351351,59.0,Male,West,Electronics,4,199,3224.79,Cash,5
TXN00290,2023-04-16 07:13:52.432432,36.0,Female,North,Clothing,7,999,2501.84,Cash,4
TXN00291,2023-04-16 15:58:33.513513,26.0,Female,East,Electronics,5,9999,2833.5,Debit Card,4
TXN00292,2023-04-17 00:43:14.594594,45.0,Female,East,Groceries,7,4999,2605.6,Cash,5
TXN00293,2023-04-17 09:27:55.675675,37.0,Male,West,Electronics,8,4999,2528.51,Cash,5
TXN00294,2023-04-17 18:12:36.756756,62.0,Male,West,Sports,8,2999,3679.68,Credit Card,4
TXN00295,2023-04-18 02:57:17.837837,24.0,Male,East,Furniture,1,2999,3285.61,Credit Card,3
TXN00296,2023-04-18 11:41:58.918918,31.0,Female,North,Electronics,8,199,2445.67,Cash,4
TXN00297,2023-04-18 20:26:40.000000,26.0,Male,East,Sports,6,1499,3719.68,Cash,5
TXN00298,2023-04-19 05:11:21.081081,36.0,Male,West,Electronics,4,999,3245.84,Credit Card,5
TXN00299,2023-04-19 13:56:02.162162,64.0,Female,West,Electronics,8,199,3650.29,UPI,5
TXN00300,2023-04-19 22:40:43.243243,69.0,Male,East,Electronics,3,1499,3503.7,Debit Card,1
TXN00301,2023-04-20 07:25:24.324324,31.0,Female,,Clothing,4,9999,2336.8,Debit Card,4
TXN00302,2023-04-20 16:10:05.405405,55.0,Male,East,Groceries,6,2999,2551.86,Credit Card,4
TXN00303,2023-04-21 00:54:46.486486,53.0,Male,East,Furniture,7,4999,3597.83,Debit Card,5
TXN00304,2023-04-21 09:39:27.567567,57.0,Female,West,Clothing,4,499,3488.3,Credit Card,1
TXN00305,2023-04-21 18:24:08.648648,34.0,Female,North,Groceries,4,9999,2983.28,Credit Card,5
TXN00306,2023-04-22 03:08:49.729729,47.0,Female,South,Electronics,7,4999,3093.86,Credit Card,4
TXN00307,2023-04-22 11:53:30.810810,26.0,Female,,Furniture,6,999,4022.13,Credit Card,3
TXN00308,2023-04-22 20:38:11.891891,50.0,Female,East,Electronics,8,999,2526.74,UPI,3
TXN00309,2023-04-23 05:22:52.972972,69.0,Female,East,Electronics,1,4999,3437.68,Cash,3
TXN00310,2023-04-23 14:07:34.054054,42.0,Male,East,Electronics,7,9999,2838.25,Cash,4
TXN00311,2023-04-23 22:52:15.135135,31.0,Male,North,Electronics,7,4999,2825.86,UPI,2
TXN00312,2023-04-24 07:36:56.216216,28.0,Female,West,Groceries,7,1499,3879.02,Debit Card,3
TXN00313,2023-04-24 16:21:37.297297,52.0,Male,East,Furniture,7,199,3660.33,Debit Card,5
TXN00314,2023-04-25 01:06:18.378378,58.0,Female,East,Electronics,8,2999,3650.81,Cash,2
TXN00315,2023-04-25 09:50:59.459459,31.0,Male,North,Groceries,9,1499,4044.38,Debit Card,3
TXN00316,2023-04-25 18:35:40.540540,47.0,Female,South,Groceries,9,499,3016.8,Cash,4
TXN00317,2023-04-26 03:20:21.621621,58.0,Male,South,Sports,2,4999,3545.56,Cash,4
TXN00318,2023-04-26 12:05:02.702702,21.0,Male,West,Electronics,7,499,2751.79,UPI,5
TXN00319,2023-04-26 20:49:43.783783,21.0,Male,West,Groceries,7,499,3259.33,Debit Card,4
TXN00320,2023-04-27 05:34:24.864864,45.0,Male,East,Sports,4,1499,2895.89,UPI,5
TXN00321,2023-04-27 14:19:05.945945,25.0,Male,North,Groceries,9,2999,3077.6,Cash,4
TXN00322,2023-04-27 23:03:47.027027,19.0,Female,East,Clothing,8,9999,3476.13,Cash,2
TXN00323,2023-04-28 07:48:28.108108,58.0,Female,West,Electronics,1,999,2345.42,Cash,3
TXN00324,2023-04-28 16:33:09.189189,63.0,Female,North,Clothing,2,199,4673.91,Credit Card,4
TXN00325,2023-04-29 01:17:50.270270,39.0,Male,North,Groceries,2,999,2195.19,Credit Card,4
TXN00326,2023-04-29 10:02:31.351351,58.0,Female,West,Groceries,8,2999,2028.65,Credit Card,4
TXN00327,2023-04-29 18:47:12.432432,33.0,Male,South,Electronics,1,999,3926.49,UPI,4
TXN00328,2023-04-30 03:31:53.513513,46.0,Male,South,Groceries,4,4999,3633.33,Cash,4
TXN00329,2023-04-30 12:16:34.594594,66.0,Male,North,Groceries,5,4999,3499.3,Debit Card,3
TXN00330,2023-04-30 21:01:15.675675,65.0,Female,East,Groceries,9,1499,3502.68,UPI,3
TXN00331,2023-05-01 05:45:56.756756,47.0,Male,South,Groceries,7,499,2990.2,UPI,4
TXN00332,2023-05-01 14:30:37.837837,29.0,Female,East,Furniture,8,2999,2282.2,UPI,4
TXN00333,2023-05-01 23:15:18.918918,52.0,Female,South,Clothing,9,2999,17859.589854704718,Debit Card,4
TXN00334,2023-05-02 08:00:00.000000,28.0,Male,South,Sports,7,999,2458.27,Cash,3
TXN00335,2023-05-02 16:44:41.081081,63.0,Male,East,Electronics,5,1499,3780.1,Credit Card,4
TXN00336,2023-05-03 01:29:22.162162,67.0,Female,West,Electronics,5,999,2882.35,Cash,5
TXN00337,2023-05-03 10:14:03.243243,38.0,Female,South,Clothing,6,999,2339.6,Cash,3
TXN00338,2023-05-03 18:58:44.324324,38.0,Female,,Electronics,5,2999,2742.89,UPI,4
TXN00339,2023-05-04 03:43:25.405405,22.0,Female,East,Electronics,9,999,3330.35,UPI,5
TXN00340,2023-05-04 12:28:06.486486,65.0,Female,West,Electronics,3,499,2549.02,UPI,3
TXN00341,2023-05-04 21:12:47.567567,37.0,Female,South,Furniture,3,999,2342.22,Credit Card,4
TXN00342,2023-05-05 05:57:28.648648,54.0,Male,,Electronics,7,499,3194.95,Credit Card,2
TXN00343,2023-05-05 14:42:09.729729,20.0,Female,West,Groceries,7,2999,3195.97,Credit Card,4
TXN00344,2023-05-05 23:26:50.810810,61.0,Female,South,Electronics,6,1499,2594.45,Cash,2
TXN00345,2023-05-06 08:11:31.891891,50.0,Female,West,Sports,3,4999,2623.17,UPI,5
TXN00346,2023-05-06 16:56:12.972972,26.0,Female,West,Groceries,7,499,3185.64,Debit Card,4
TXN00347,2023-05-07 01:40:54.054054,26.0,Male,East,Electronics,5,1499,1841.53,Cash,5
TXN00348,2023-05-07 10:25:35.135135,21.0,Male,North,Furniture,7,1499,1874.03,Credit Card,4
TXN00349,2023-05-07 19:10:16.216216,52.0,Female,West,Groceries,2,499,2425.24,Debit Card,4
TXN00350,2023-05-08 03:54:57.297297,34.0,Female,East,Furniture,6,2999,2829.24,Debit Card,4
TXN00351,2023-05-08 12:39:38.378378,51.0,Female,North,Groceries,8,199,3248.73,UPI,5
TXN00352,2023-05-08 21:24:19.459459,41.0,Male,South,Groceries,1,1499,4180.28,Debit Card,5
TXN00353,2023-05-09 06:09:00.540540,49.0,Male,North,Furniture,4,1499,3686.13,Credit Card,4
TXN00354,2023-05-09 14:53:41.621621,18.0,Male,West,Clothing,1,2999,2872.05,UPI,5
TXN00355,2023-05-09 23:38:22.702702,25.0,Male,West,Electronics,1,2999,2984.79,Debit Card,4
TXN00356,2023-05-10 08:23:03.783783,62.0,Male,West,Furniture,8,999,2197.98,UPI,4
TXN00357,2023-05-10 17:07:44.864864,40.0,Male,West,Clothing,7,2999,2985.19,Debit Card,4
TXN00358,2023-05-11 01:52:25.945945,64.0,Female,West,Groceries,1,1499,2769.07,Cash,3
TXN00359,2023-05-11 10:37:07.027027,57.0,Male,East,Electronics,2,499,3258.17,Cash,1
TXN00360,2023-05-11 19:21:48.108108,29.0,Male,West,Groceries,4,199,2338.22,Credit Card,3
TXN00361,2023-05-12 04:06:29.189189,29.0,Female,East,Sports,1,9999,3415.48,Cash,4
TXN00362,2023-05-12 12:51:10.270270,63.0,Male,South,Clothing,3,999,4226.19,Cash,4
TXN00363,2023-05-12 21:35:51.351351,64.0,Female,West,Clothing,8,9999,2912.99,Cash,4
TXN00364,2023-05-13 06:20:32.432432,32.0,Male,West,Groceries,8,499,3321.37,Debit Card,5
TXN00365,2023-05-13 15:05:13.513513,58.0,Female,North,Furniture,8,199,3552.12,Debit Card,4
TXN00366,2023-05-13 23:49:54.594594,36.0,Female,South,Clothing,6,199,2679.02,UPI,4
TXN00367,2023-05-14 08:34:35.675675,43.0,Female,West,Clothing,6,199,3179.27,Debit Card,2
TXN00368,2023-05-14 17:19:16.756756,69.0,Female,West,Sports,5,4999,3010.07,Cash,1
TXN00369,2023-05-15 02:03:57.837837,46.0,Female,South,Groceries,9,499,3078.14,Debit Card,5
TXN00370,2023-05-15 10:48:38.918918,39.0,Male,East,Electronics,4,999,2381.59,Credit Card,4
TXN00371,2023-05-15 19:33:20.000000,57.0,Male,West,Electronics,7,999,3019.61,UPI,5
TXN00372,2023-05-16 04:18:01.081081,38.0,Female,North,Groceries,1,199,3398.4,UPI,2
TXN00373,2023-05-16 13:02:42.162162,68.0,Female,West,Electronics,9,499,4160.91,Debit Card,4
TXN00374,2023-05-16 21:47:23.243243,55.0,Female,North,Clothing,7,4999,3767.42,Cash,3
TXN00375,2023-05-17 06:32:04.324324,37.0,Male,North,Sports,9,199,4722.55,UPI,3
TXN00376,2023-05-17 15:16:45.405405,46.0,Female,West,Electronics,7,2999,2386.12,Credit Card,1
TXN00377,2023-05-18 00:01:26.486486,68.0,Female,West,Groceries,2,9999,3697.86,Credit Card,2
TXN00378,2023-05-18 08:46:07.567567,21.0,Female,North,Clothing,6,999,3146.67,UPI,3
TXN00379,2023-05-18 17:30:48.648648,24.0,Female,South,Furniture,4,9999,4751.84,Cash,2
TXN00380,2023-05-19 02:15:29.729729,45.0,Male,South,Groceries,3,1499,2353.36,Cash,5
TXN00381,2023-05-19 11:00:10.810810,45.0,Female,West,Electronics,2,199,2328.22,Debit Card,3
TXN00382,2023-05-19 19:44:51.891891,21.0,Female,East,Groceries,6,2999,2520.49,Debit Card,2
TXN00383,2023-05-20 04:29:32.972972,,Male,South,Electronics,8,999,1300.88,UPI,3
TXN00384,2023-05-20 13:14:14.054054,29.0,Female,West,Sports,6,9999,2579.4,Debit Card,4
TXN00385,2023-05-20 21:58:55.135135,62.0,Female,South,Sports,9,4999,2392.69,Debit Card,2
TXN00386,2023-05-21 06:43:36.216216,20.0,Male,East,Clothing,5,499,3120.32,Debit Card,5
TXN00387,2023-05-21 15:28:17.297297,39.0,Male,West,Clothing,2,999,3273.4,Credit Card,5
TXN00388,2023-05-22 00:12:58.378378,61.0,Male,East,Clothing,8,9999,4500.94,Debit Card,3
TXN00389,2023-05-22 08:57:39.459459,19.0,Female,West,Groceries,9,499,3760.34,UPI,4
TXN00390,2023-05-22 17:42:20.540540,41.0,Female,East,Clothing,4,9999,2538.48,Cash,1
TXN00391,2023-05-23 02:27:01.621621,51.0,Male,South,Clothing,6,499,2281.27,Debit Card,4
TXN00392,2023-05-23 11:11:42.702702,44.0,Male,South,Clothing,8,4999,3393.54,Cash,4
TXN00393,2023-05-23 19:56:23.783783,58.0,Male,East,Electronics,9,4999,1943.81,Debit Card,3
TXN00394,2023-05-24 04:41:04.864864,18.0,Female,East,Groceries,5,199,4465.17,UPI,3
TXN00395,2023-05-24 13:25:45.945945,25.0,Female,East,Electronics,6,199,3943.55,Credit Card,4
TXN00396,2023-05-24 22:10:27.027027,40.0,Male,West,Groceries,4,999,2624.66,UPI,4
TXN00397,2023-05-25 06:55:08.108108,55.0,Female,South,Electronics,5,4999,1629.49,Credit Card,3
TXN00398,2023-05-25 15:39:49.189189,23.0,Male,West,Electronics,7,2999,4083.1,Debit Card,4
TXN00399,2023-05-26 00:24:30.270270,39.0,Female,South,Groceries,9,9999,2908.37,Debit Card,4
TXN00400,2023-05-26 09:09:11.351351,42.0,Female,North,Sports,6,9999,3990.25,Credit Card,5
TXN00401,2023-05-26 17:53:52.432432,35.0,Female,West,Furniture,6,9999,1724.46,UPI,2
TXN00402,2023-05-27 02:38:33.513513,34.0,Female,South,Electronics,8,999,2520.5,UPI,5
TXN00403,2023-05-27 11:23:14.594594,29.0,Male,South,Electronics,4,9999,3004.19,Credit Card,4
TXN00404,2023-05-27 20:07:55.675675,23.0,Female,West,Sports,3,1499,3037.58,Debit Card,2
TXN00405,2023-05-28 04:52:36.756756,43.0,Female,West,Clothing,7,499,2639.95,Credit Card,4
TXN00406,2023-05-28 13:37:17.837837,,Male,South,Electronics,5,9999,3498.28,Debit Card,4
TXN00407,2023-05-28 22:21:58.918918,25.0,Female,West,Sports,2,499,2145.9,Credit Card,5
TXN00408,2023-05-29 07:06:40.000000,36.0,Male,East,Furniture,2,199,2886.1,Debit Card,2
TXN00409,2023-05-29 15:51:21.081081,59.0,Male,West,Sports,6,9999,3096.24,Credit Card,4
TXN00410,2023-05-30 00:36:02.162162,18.0,Female,West,Sports,8,2999,3411.55,Cash,4
TXN00411,2023-05-30 09:20:43.243243,46.0,Female,West,Sports,1,4999,3569.29,Debit Card,5
TXN00412,2023-05-30 18:05:24.324324,62.0,Male,South,Electronics,6,4999,2100.29,UPI,3
TXN00413,2023-05-31 02:50:05.405405,66.0,Male,East,Electronics,2,199,1772.71,Credit Card,5
TXN00414,2023-05-31 11:34:46.486486,52.0,Male,North,Groceries,2,1499,4022.14,UPI,5
TXN00415,2023-05-31 20:19:27.567567,57.0,Female,North,Groceries,7,999,3265.85,Credit Card,3
TXN00416,2023-06-01 05:04:08.648648,31.0,Male,East,Groceries,1,999,2401.21,UPI,5
TXN00417,2023-06-01 13:48:49.729729,52.0,Male,East,Clothing,6,2999,4240.92,UPI,5
TXN00418,2023-06-01 22:33:30.810810,65.0,Male,East,Clothing,7,199,3092.54,Credit Card,3
TXN00419,2023-06-02 07:18:11.891891,62.0,Female,South,Groceries,8,199,3943.44,Credit Card,4
TXN00420,2023-06-02 16:02:52.972972,37.0,Male,North,Electronics,7,1499,3054.01,UPI,4
TXN00421,2023-06-03 00:47:34.054054,66.0,Female,East,Clothing,6,9999,4648.6,UPI,3
TXN00422,2023-06-03 09:32:15.135135,30.0,Female,South,Groceries,9,999,4404.27,UPI,1
TXN00423,2023-06-03 18:16:56.216216,55.0,Male,North,Groceries,3,9999,2800.83,Debit Card,3
TXN00424,2023-06-04 03:01:37.297297,66.0,Female,West,Electronics,6,199,3777.26,Debit Card,3
TXN00425,2023-06-04 11:46:18.378378,63.0,Male,South,Groceries,4,9999,3516.3,Cash,4
TXN00426,2023-06-04 20:30:59.459459,66.0,Female,North,Groceries,2,4999,4094.91,Debit Card,3
TXN00427,2023-06-05 05:15:40.540540,25.0,Female,South,Clothing,1,2999,2228.06,Debit Card,5
TXN00428,2023-06-05 14:00:21.621621,60.0,Male,North,Electronics,1,999,3548.84,Credit Card,4
TXN00429,2023-06-05 22:45:02.702702,37.0,Male,North,Clothing,3,1499,3846.74,Cash,2
TXN00430,2023-06-06 07:29:43.783783,50.0,Male,West,Clothing,4,2999,1593.01,Cash,4
TXN00431,2023-06-06 16:14:24.864864,43.0,Female,South,Sports,2,499,2053.39,Debit Card,4
TXN00432,2023-06-07 00:59:05.945945,56.0,Female,East,Electronics,1,4999,1368.61,Credit Card,5
TXN00433,2023-06-07 09:43:47.027027,38.0,Male,,Groceries,4,1499,2784.47,Credit Card,1
TXN00434,2023-06-07 18:28:28.108108,66.0,Male,West,Electronics,7,2999,3574.03,Cash,3
TXN00435,2023-06-08 03:13:09.189189,59.0,Female,North,Clothing,6,199,4201.89,Credit Card,5
TXN00436,2023-06-08 11:57:50.270270,60.0,Female,East,Groceries,6,499,3059.28,UPI,5
TXN00437,2023-06-08 20:42:31.351351,58.0,Female,South,Clothing,9,1499,4302.89,Debit Card,4
TXN00438,2023-06-09 05:27:12.432432,26.0,Male,East,Groceries,2,199,1895.92,UPI,5
TXN00439,2023-06-09 14:11:53.513513,41.0,Female,East,Electronics,4,4999,1637.29,Cash,2
TXN00440,2023-06-09 22:56:34.594594,54.0,Male,East,Clothing,5,499,2955.56,Cash,4
TXN00441,2023-06-10 07:41:15.675675,66.0,Female,East,Groceries,1,999,3307.25,Credit Card,3
TXN00442,2023-06-10 16:25:56.756756,58.0,Female,East,Clothing,8,199,2973.84,Credit Card,3
TXN00443,2023-06-11 01:10:37.837837,34.0,Male,North,Sports,8,2999,1346.05,Cash,5
TXN00444,2023-06-11 09:55:18.918918,41.0,Male,North,Groceries,6,9999,2928.7,Cash,2
TXN00445,2023-06-11 18:40:00.000000,38.0,Male,West,Clothing,5,1499,1956.42,UPI,4
TXN00446,2023-06-12 03:24:41.081081,68.0,Female,North,Electronics,8,499,3535.74,UPI,5
TXN00447,2023-06-12 12:09:22.162162,56.0,Female,West,Groceries,3,199,3293.28,Credit Card,3
TXN00448,2023-06-12 20:54:03.243243,58.0,Female,West,Furniture,3,999,2248.1,UPI,5
TXN00449,2023-06-13 05:38:44.324324,56.0,Male,South,Clothing,2,9999,2588.91,Credit Card,5
TXN00450,2023-06-13 14:23:25.405405,30.0,Female,East,Furniture,5,1499,2152.63,Credit Card,4
TXN00451,2023-06-13 23:08:06.486486,28.0,Male,North,Clothing,3,1499,2949.86,Debit Card,3
TXN00452,2023-06-14 07:52:47.567567,63.0,Male,South,Furniture,3,199,3764.11,Credit Card,3
TXN00453,2023-06-14 16:37:28.648648,36.0,Male,North,Electronics,6,999,2211.42,UPI,4
TXN00454,2023-06-15 01:22:09.729729,28.0,Female,West,Sports,8,4999,3403.24,Cash,3
TXN00455,2023-06-15 10:06:50.810810,30.0,Female,North,Groceries,2,9999,2575.79,Cash,3
TXN00456,2023-06-15 18:51:31.891891,63.0,Male,East,Clothing,4,4999,2365.7,UPI,5
TXN00457,2023-06-16 03:36:12.972972,62.0,Female,West,Clothing,7,499,2914.38,Cash,3
TXN00458,2023-06-16 12:20:54.054054,18.0,Male,West,Clothing,1,199,2171.81,Credit Card,4
TXN00459,2023-06-16 21:05:35.135135,57.0,Male,South,Sports,1,9999,2557.08,Cash,1
TXN00460,2023-06-17 05:50:16.216216,61.0,Female,East,Electronics,7,499,2041.7,UPI,4
TXN00461,2023-06-17 14:34:57.297297,36.0,Male,West,Electronics,7,4999,4571.78,Cash,5
TXN00462,2023-06-17 23:19:38.378378,29.0,Male,East,Groceries,1,9999,3028.21,Credit Card,3
TXN00463,2023-06-18 08:04:19.459459,25.0,Female,North,Groceries,1,1499,2440.22,Credit Card,3
TXN00464,2023-06-18 16:49:00.540540,25.0,Male,East,Groceries,4,499,3171.18,UPI,4
TXN00465,2023-06-19 01:33:41.621621,62.0,Male,West,Groceries,5,999,2910.14,UPI,4
TXN00466,2023-06-19 10:18:22.702702,29.0,Male,South,Clothing,5,2999,2823.22,UPI,4
TXN00467,2023-06-19 19:03:03.783783,65.0,Male,West,Sports,4,4999,12691.396886100372,Debit Card,3
TXN00468,2023-06-20 03:47:44.864864,50.0,Male,East,Clothing,8,4999,3606.01,Debit Card,3
TXN00469,2023-06-20 12:32:25.945945,62.0,Male,East,Electronics,7,999,2575.6,Credit Card,5
TXN00470,2023-06-20 21:17:07.027027,43.0,Male,West,Groceries,9,9999,2539.35,Debit Card,5
TXN00471,2023-06-21 06:01:48.108108,56.0,Female,East,Groceries,7,9999,2779.96,Debit Card,4
TXN00472,2023-06-21 14:46:29.189189,,Female,North,Clothing,1,9999,1158.46,Cash,5
TXN00473,2023-06-21 23:31:10.270270,22.0,Male,West,Groceries,7,499,1787.85,Debit Card,4
TXN00474,2023-06-22 08:15:51.351351,25.0,Male,South,Electronics,1,199,4093.5,Cash,4
TXN00475,2023-06-22 17:00:32.432432,42.0,Female,West,Clothing,7,1499,4315.97,UPI,3
TXN00476,2023-06-23 01:45:13.513513,44.0,Female,North,Sports,8,2999,2800.77,Cash,4
TXN00477,2023-06-23 10:29:54.594594,63.0,Female,North,Electronics,9,199,3461.25,Cash,4
TXN00478,2023-06-23 19:14:35.675675,40.0,Female,North,Clothing,3,199,3249.0,UPI,1
TXN00479,2023-06-24 03:59:16.756756,,Female,North,Furniture,4,999,5463.1,UPI,4
TXN00480,2023-06-24 12:43:57.837837,62.0,Male,North,Sports,4,499,3895.66,Credit Card,5
TXN00481,2023-06-24 21:28:38.918918,64.0,Female,South,Groceries,9,4999,2897.67,Credit Card,4
TXN00482,2023-06-25 06:13:20.000000,40.0,Female,East,Groceries,7,4999,2235.57,Credit Card,4
TXN00483,2023-06-25 14:58:01.081081,66.0,Female,North,Groceries,3,999,1714.84,Credit Card,5
TXN00484,2023-06-25 23:42:42.162162,64.0,Male,North,Sports,5,499,3162.77,Cash,1
TXN00485,2023-06-26 08:27:23.243243,37.0,Male,West,Sports,7,999,2394.92,Cash,4
TXN00486,2023-06-26 17:12:04.324324,35.0,Male,South,Electronics,8,4999,1862.2,Credit Card,5
TXN00487,2023-06-27 01:56:45.405405,35.0,Male,South,Clothing,1,199,2482.74,Debit Card,4
TXN00488,2023-06-27 10:41:26.486486,19.0,Male,East,Groceries,2,1499,2134.76,Credit Card,3
TXN00489,2023-06-27 19:26:07.567567,21.0,Male,South,Furniture,7,9999,4349.71,Debit Card,2
TXN00490,2023-06-28 04:10:48.648648,47.0,Female,West,Groceries,2,499,3705.31,UPI,5
TXN00491,2023-06-28 12:55:29.729729,50.0,Male,West,Groceries,7,2999,2993.62,Cash,4
TXN00492,2023-06-28 21:40:10.810810,53.0,Male,East,Sports,9,2999,4183.96,Cash,5
TXN00493,2023-06-29 06:24:51.891891,35.0,Female,West,Electronics,2,199,3061.89,Debit Card,4
TXN00494,2023-06-29 15:09:32.972972,54.0,Male,North,Electronics,7,999,2310.97,Credit Card,4
TXN00495,2023-06-29 23:54:14.054054,36.0,Female,North,Clothing,4,999,4218.5,Cash,5
TXN00496,2023-06-30 08:38:55.135135,64.0,Female,West,Clothing,2,4999,3431.13,Debit Card,4
TXN00497,2023-06-30 17:23:36.216216,45.0,Male,East,Electronics,7,199,2170.2,UPI,4
TXN00498,2023-07-01 02:08:17.297297,57.0,Female,South,Electronics,5,4999,2847.73,UPI,4
TXN00499,2023-07-01 10:52:58.378378,37.0,Female,East,Groceries,1,4999,2299.51,Cash,5
TXN00500,2023-07-01 19:37:39.459459,66.0,Female,South,Sports,5,2999,1893.76,Credit Card,4
TXN00501,2023-07-02 04:22:20.540540,50.0,Female,West,Groceries,3,4999,3740.94,Debit Card,4
TXN00502,2023-07-02 13:07:01.621621,29.0,Male,West,Groceries,7,9999,4527.53,Cash,2
TXN00503,2023-07-02 21:51:42.702702,68.0,Female,North,Clothing,6,4999,1881.15,UPI,5
TXN00504,2023-07-03 06:36:23.783783,32.0,Male,South,Furniture,8,2999,3450.38,Credit Card,2
TXN00505,2023-07-03 15:21:04.864864,58.0,Female,East,Furniture,5,9999,2479.49,Debit Card,4
TXN00506,2023-07-04 00:05:45.945945,56.0,Female,West,Groceries,2,999,18622.947002577384,Cash,4
TXN00507,2023-07-04 08:50:27.027027,19.0,Female,East,Electronics,9,499,2526.08,Debit Card,4
TXN00508,2023-07-04 17:35:08.108108,46.0,Male,North,Electronics,8,1499,2308.81,Credit Card,4
TXN00509,2023-07-05 02:19:49.189189,58.0,Male,South,Electronics,6,4999,3038.82,Credit Card,2
TXN00510,2023-07-05 11:04:30.270270,27.0,Male,South,Groceries,7,9999,2335.24,UPI,4
TXN00511,2023-07-05 19:49:11.351351,19.0,Female,West,Furniture,9,499,3216.37,Credit Card,5
TXN00512,2023-07-06 04:33:52.432432,68.0,Female,South,Sports,7,2999,2959.81,Cash,5
TXN00513,2023-07-06 13:18:33.513513,28.0,Female,,Groceries,3,499,2808.84,Debit Card,3
TXN00514,2023-07-06 22:03:14.594594,30.0,Female,North,Furniture,6,1499,2273.95,Credit Card,5
TXN00515,2023-07-07 06:47:55.675675,27.0,Male,South,Sports,7,499,2538.58,Credit Card,4
TXN00516,2023-07-07 15:32:36.756756,31.0,Female,West,Clothing,2,9999,3604.31,Cash,5
TXN00517,2023-07-08 00:17:17.837837,35.0,Male,East,Clothing,3,499,3400.73,Debit Card,4
TXN00518,2023-07-08 09:01:58.918918,68.0,Female,West,Sports,4,499,2217.96,Debit Card,4
TXN00519,2023-07-08 17:46:40.000000,26.0,Male,South,Clothing,6,499,3079.47,UPI,5
TXN00520,2023-07-09 02:31:21.081081,56.0,Male,North,Sports,1,199,3601.11,UPI,5
TXN00521,2023-07-09 11:16:02.162162,45.0,Female,South,Sports,9,4999,1664.48,Debit Card,4
TXN00522,2023-07-09 20:00:43.243243,20.0,Female,South,Groceries,5,2999,3434.69,Cash,3
TXN00523,2023-07-10 04:45:24.324324,37.0,Male,West,Furniture,7,1499,2469.9,Cash,4
TXN00524,2023-07-10 13:30:05.405405,23.0,Female,East,Groceries,9,2999,3456.48,UPI,4
TXN00525,2023-07-10 22:14:46.486486,44.0,Female,South,Groceries,9,199,2389.39,Credit Card,3
TXN00526,2023-07-11 06:59:27.567567,19.0,Male,East,Clothing,1,199,1556.09,Cash,3
TXN00527,2023-07-11 15:44:08.648648,46.0,Male,West,Electronics,1,9999,1697.97,Credit Card,5
TXN00528,2023-07-12 00:28:49.729729,55.0,Male,East,Clothing,3,199,3038.47,Cash,2
TXN00529,2023-07-12 09:13:30.810810,20.0,Male,West,Groceries,6,4999,3207.78,Debit Card,4
TXN00530,2023-07-12 17:58:11.891891,33.0,Female,North,Electronics,2,199,2276.55,UPI,3
TXN00531,2023-07-13 02:42:52.972972,47.0,Male,East,Electronics,1,499,3510.87,Credit Card,3
TXN00532,2023-07-13 11:27:34.054054,57.0,Male,East,Electronics,1,2999,1670.78,Credit Card,2
TXN00533,2023-07-13 20:12:15.135135,19.0,Male,,Groceries,5,999,2947.14,Debit Card,3
TXN00534,2023-07-14 04:56:56.216216,34.0,Female,East,Sports,4,1499,2031.19,Cash,5
TXN00535,2023-07-14 13:41:37.297297,58.0,Male,North,Sports,1,199,2478.53,Credit Card,5
TXN00536,2023-07-14 22:26:18.378378,29.0,Female,South,Groceries,4,2999,3037.92,Cash,3
TXN00537,2023-07-15 07:10:59.459459,52.0,Male,West,Sports,3,9999,2311.67,Debit Card,4
TXN00538,2023-07-15 15:55:40.540540,60.0,Male,North,Groceries,2,199,2692.36,UPI,4
TXN00539,2023-07-16 00:40:21.621621,18.0,Female,East,Groceries,9,4999,3805.03,Credit Card,5
TXN00540,2023-07-16 09:25:02.702702,62.0,Male,North,Groceries,1,199,2538.49,Cash,5
TXN00541,2023-07-16 18:09:43.783783,32.0,Male,East,Electronics,7,199,3668.55,Credit Card,4
TXN00542,2023-07-17 02:54:24.864864,43.0,Female,South,Sports,4,199,18174.86180945297,Cash,4
TXN00543,2023-07-17 11:39:05.945945,54.0,Male,North,Clothing,5,9999,3423.84,Cash,5
TXN00544,2023-07-17 20:23:47.027027,,Male,South,Clothing,5,199,4153.25,Cash,1
TXN00545,2023-07-18 05:08:28.108108,66.0,Male,,Groceries,1,1499,1022.68,Debit Card,4
TXN00546,2023-07-18 13:53:09.189189,48.0,Male,East,Clothing,6,2999,2362.48,UPI,5
TXN00547,2023-07-18 22:37:50.270270,42.0,Female,East,Clothing,9,4999,3461.66,Credit Card,4
TXN00548,2023-07-19 07:22:31.351351,40.0,Male,South,Groceries,2,199,2837.56,UPI,4
TXN00549,2023-07-19 16:07:12.432432,41.0,Female,West,Electronics,7,199,3296.92,Cash,4
TXN00550,2023-07-20 00:51:53.513513,55.0,Male,North,Groceries,6,199,2516.81,Cash,3
TXN00551,2023-07-20 09:36:34.594594,45.0,Female,North,Groceries,5,199,3069.27,UPI,4
TXN00552,2023-07-20 18:21:15.675675,38.0,Male,East,Groceries,4,499,2875.46,UPI,4
TXN00553,2023-07-21 03:05:56.756756,60.0,Female,South,Groceries,4,499,3934.23,Credit Card,4
TXN00554,2023-07-21 11:50:37.837837,35.0,Male,South,Groceries,6,999,3203.54,Cash,4
TXN00555,2023-07-21 20:35:18.918918,53.0,Female,North,Groceries,4,199,3270.08,UPI,5
TXN00556,2023-07-22 05:20:00.000000,52.0,Female,West,Groceries,5,999,2670.5,Debit Card,3
TXN00557,2023-07-22 14:04:41.081081,,Male,West,Furniture,6,1499,2609.92,Cash,4
TXN00558,2023-07-22 22:49:22.162162,26.0,Female,North,Groceries,5,999,2653.95,Cash,4
TXN00559,2023-07-23 07:34:03.243243,55.0,Male,North,Sports,7,2999,3315.56,Credit Card,4
TXN00560,2023-07-23 16:18:44.324324,47.0,Male,South,Electronics,9,499,2663.21,Debit Card,3
TXN00561,2023-07-24 01:03:25.405405,61.0,Male,West,Clothing,7,499,3231.82,Credit Card,4
TXN00562,2023-07-24 09:48:06.486486,51.0,Male,North,Sports,7,199,4660.32,Debit Card,5
TXN00563,2023-07-24 18:32:47.567567,49.0,Male,North,Clothing,4,199,3696.9,Credit Card,4
TXN00564,2023-07-25 03:17:28.648648,20.0,Female,East,Electronics,1,1499,2739.18,Debit Card,5
TXN00565,2023-07-25 12:02:09.729729,20.0,Male,North,Groceries,8,4999,3960.97,Debit Card,5
TXN00566,2023-07-25 20:46:50.810810,45.0,Male,North,Electronics,4,1499,2673.54,Debit Card,2
TXN00567,2023-07-26 05:31:31.891891,61.0,Male,West,Electronics,1,2999,1369.5,UPI,3
TXN00568,2023-07-26 14:16:12.972972,32.0,Male,South,Sports,5,199,2193.53,Cash,5
TXN00569,2023-07-26 23:00:54.054054,58.0,Male,West,Groceries,8,199,1503.37,Debit Card,5
TXN00570,2023-07-27 07:45:35.135135,40.0,Male,South,Clothing,4,1499,2718.79,UPI,2
TXN00571,2023-07-27 16:30:16.216216,57.0,Female,East,Sports,8,1499,3014.73,UPI,1
TXN00572,2023-07-28 01:14:57.297297,28.0,Female,North,Sports,8,1499,4341.15,Credit Card,3
TXN00573,2023-07-28 09:59:38.378378,65.0,Male,East,Clothing,3,499,3261.54,Cash,5
TXN00574,2023-07-28 18:44:19.459459,49.0,Female,South,Clothing,9,999,2824.72,Cash,3
TXN00575,2023-07-29 03:29:00.540540,53.0,Male,West,Furniture,3,999,3663.52,Credit Card,4
TXN00576,2023-07-29 12:13:41.621621,50.0,Male,West,Groceries,1,199,1231.09,Cash,5
TXN00577,2023-07-29 20:58:22.702702,,Male,East,Groceries,2,499,3188.49,Credit Card,1
TXN00578,2023-07-30 05:43:03.783783,56.0,Male,South,Sports,6,1499,3616.69,UPI,4
TXN00579,2023-07-30 14:27:44.864864,51.0,Male,East,Groceries,2,199,1817.13,UPI,3
TXN00580,2023-07-30 23:12:25.945945,45.0,Female,East,Clothing,6,499,3915.0,Debit Card,5
TXN00581,2023-07-31 07:57:07.027027,54.0,Female,North,Groceries,1,2999,3270.8,Credit Card,3
TXN00582,2023-07-31 16:41:48.108108,24.0,Female,East,Clothing,1,4999,2667.77,UPI,4
TXN00583,2023-08-01 01:26:29.189189,21.0,Female,North,Furniture,5,499,3506.23,UPI,4
TXN00584,2023-08-01 10:11:10.270270,54.0,Male,North,Groceries,9,9999,4816.55,Credit Card,3
TXN00585,2023-08-01 18:55:51.351351,18.0,Female,West,Electronics,8,199,3145.49,UPI,1
TXN00586,2023-08-02 03:40:32.432432,18.0,Male,North,Groceries,3,999,3198.58,Cash,4
TXN00587,2023-08-02 12:25:13.513513,64.0,Female,North,Clothing,3,9999,18301.70412422167,UPI,3
TXN00588,2023-08-02 21:09:54.594594,37.0,Female,West,Clothing,1,1499,2320.12,Credit Card,5
TXN00589,2023-08-03 05:54:35.675675,36.0,Female,East,Groceries,3,4999,3664.27,Cash,5
TXN00590,2023-08-03 14:39:16.756756,46.0,Female,South,Clothing,1,2999,2315.13,Cash,4
TXN00591,2023-08-03 23:23:57.837837,27.0,Male,South,Furniture,8,4999,3057.25,UPI,4
TXN00592,2023-08-04 08:08:38.918918,35.0,Female,South,Electronics,1,4999,2617.87,Debit Card,4
TXN00593,2023-08-04 16:53:20.000000,45.0,Female,East,Groceries,5,499,3383.18,Cash,5
TXN00594,2023-08-05 01:38:01.081081,,Male,North,Furniture,9,199,3266.93,Credit Card,4
TXN00595,2023-08-05 10:22:42.162162,60.0,Male,South,Groceries,7,199,3830.03,Debit Card,3
TXN00596,2023-08-05 19:07:23.243243,64.0,Female,East,Groceries,4,4999,2591.99,Debit Card,3
TXN00597,2023-08-06 03:52:04.324324,48.0,Male,North,Sports,9,1499,2784.1,Cash,4
TXN00598,2023-08-06 12:36:45.405405,44.0,Male,West,Clothing,9,199,2216.99,UPI,4
TXN00599,2023-08-06 21:21:26.486486,28.0,Male,South,Electronics,2,4999,2644.57,Debit Card,4
TXN00600,2023-08-07 06:06:07.567567,66.0,Female,North,Clothing,6,199,3301.84,UPI,2
TXN00601,2023-08-07 14:50:48.648648,66.0,Male,South,Electronics,4,1499,3605.59,Cash,4
TXN00602,2023-08-07 23:35:29.729729,55.0,Female,South,Sports,8,2999,2262.27,Credit Card,3
TXN00603,2023-08-08 08:20:10.810810,22.0,Female,,Electronics,7,9999,3695.68,Debit Card,3
TXN00604,2023-08-08 17:04:51.891891,25.0,Female,North,Furniture,7,4999,4084.51,Credit Card,4
TXN00605,2023-08-09 01:49:32.972972,51.0,Female,East,Furniture,9,999,3330.75,UPI,3
TXN00606,2023-08-09 10:34:14.054054,65.0,Male,North,Electronics,5,999,4501.44,UPI,4
TXN00607,2023-08-09 19:18:55.135135,69.0,Female,South,Groceries,6,4999,2380.97,Credit Card,4
TXN00608,2023-08-10 04:03:36.216216,29.0,Male,North,Electronics,1,499,2004.28,Cash,4
TXN00609,2023-08-10 12:48:17.297297,55.0,Female,West,Groceries,6,2999,1577.02,Cash,4
TXN00610,2023-08-10 21:32:58.378378,18.0,Male,East,Electronics,2,499,4196.84,Debit Card,3
TXN00611,2023-08-11 06:17:39.459459,48.0,Female,North,Sports,6,9999,3523.49,Debit Card,3
TXN00612,2023-08-11 15:02:20.540540,21.0,Male,West,Sports,9,999,2955.53,Cash,5
TXN00613,2023-08-11 23:47:01.621621,66.0,Female,East,Electronics,8,1499,3223.97,Cash,4
TXN00614,2023-08-12 08:31:42.702702,62.0,Female,West,Electronics,9,4999,2099.61,Credit Card,4
TXN00615,2023-08-12 17:16:23.783783,67.0,Male,East,Furniture,8,9999,4956.6,UPI,1
TXN00616,2023-08-13 02:01:04.864864,22.0,Female,North,Clothing,3,199,3103.38,UPI,4
TXN00617,2023-08-13 10:45:45.945945,47.0,Female,West,Sports,8,999,3087.52,Debit Card,4
TXN00618,2023-08-13 19:30:27.027027,41.0,Female,South,Groceries,6,2999,3580.61,Cash,4
TXN00619,2023-08-14 04:15:08.108108,20.0,Male,West,Clothing,6,999,3384.81,Credit Card,4
TXN00620,2023-08-14 12:59:49.189189,28.0,Female,East,Furniture,6,2999,3179.11,Debit Card,3
TXN00621,2023-08-14 21:44:30.270270,62.0,Female,North,Groceries,3,2999,2367.62,Credit Card,3
TXN00622,2023-08-15 06:29:11.351351,21.0,Male,East,Sports,1,4999,3377.17,Cash,5
TXN00623,2023-08-15 15:13:52.432432,43.0,Male,,Sports,4,2999,4505.62,Cash,5
TXN00624,2023-08-15 23:58:33.513513,44.0,Male,West,Electronics,6,499,4076.34,Cash,2
TXN00625,2023-08-16 08:43:14.594594,63.0,Male,South,Electronics,2,9999,4274.55,UPI,4
TXN00626,2023-08-16 17:27:55.675675,60.0,Male,North,Sports,7,1499,2591.03,Cash,3
TXN00627,2023-08-17 02:12:36.756756,44.0,Female,North,Sports,7,999,2208.32,Debit Card,2
TXN00628,2023-08-17 10:57:17.837837,59.0,Female,West,Electronics,4,1499,2899.37,UPI,3
TXN00629,2023-08-17 19:41:58.918918,68.0,Female,North,Furniture,4,9999,3044.58,Credit Card,2
TXN00630,2023-08-18 04:26:40.000000,67.0,Male,South,Groceries,1,199,3875.35,Debit Card,4
TXN00631,2023-08-18 13:11:21.081081,23.0,Female,East,Clothing,2,9999,1646.03,Debit Card,4
TXN00632,2023-08-18 21:56:02.162162,32.0,Male,North,Sports,9,999,4223.64,Credit Card,2
TXN00633,2023-08-19 06:40:43.243243,47.0,Male,West,Electronics,8,1499,2873.59,UPI,1
TXN00634,2023-08-19 15:25:24.324324,59.0,Female,East,Sports,8,1499,2658.5,Debit Card,5
TXN00635,2023-08-20 00:10:05.405405,54.0,Male,East,Electronics,9,4999,2190.32,Debit Card,3
TXN00636,2023-08-20 08:54:46.486486,54.0,Male,South,Groceries,7,4999,1676.11,Debit Card,4
TXN00637,2023-08-20 17:39:27.567567,59.0,Female,West,Electronics,9,9999,3658.54,UPI,3
TXN00638,2023-08-21 02:24:08.648648,54.0,Male,North,Groceries,2,9999,3058.65,UPI,4
TXN00639,2023-08-21 11:08:49.729729,52.0,Male,West,Groceries,6,199,1968.03,UPI,3
TXN00640,2023-08-21 19:53:30.810810,40.0,Female,East,Electronics,3,2999,1963.94,Debit Card,2
TXN00641,2023-08-22 04:38:11.891891,23.0,Male,West,Groceries,6,999,2731.37,Cash,3
TXN00642,2023-08-22 13:22:52.972972,21.0,Male,North,Groceries,3,4999,4335.22,Credit Card,3
TXN00643,2023-08-22 22:07:34.054054,35.0,Female,North,Electronics,8,999,2792.33,Cash,4
TXN00644,2023-08-23 06:52:15.135135,26.0,Female,South,Furniture,4,199,1797.49,UPI,4
TXN00645,2023-08-23 15:36:56.216216,66.0,Female,North,Clothing,6,4999,2803.41,Debit Card,3
TXN00646,2023-08-24 00:21:37.297297,46.0,Female,North,Groceries,9,4999,2781.82,Debit Card,1
TXN00647,2023-08-24 09:06:18.378378,30.0,Male,West,Groceries,2,2999,842.49,Cash,4
TXN00648,2023-08-24 17:50:59.459459,64.0,Male,West,Groceries,2,999,2956.56,Cash,4
TXN00649,2023-08-25 02:35:40.540540,69.0,Female,East,Electronics,7,999,2815.25,Credit Card,5
TXN00650,2023-08-25 11:20:21.621621,34.0,Male,South,Clothing,2,999,3556.97,Debit Card,4
TXN00651,2023-08-25 20:05:02.702702,62.0,Male,West,Groceries,2,2999,4479.16,Cash,4
TXN00652,2023-08-26 04:49:43.783783,49.0,Female,North,Groceries,4,4999,3901.25,Credit Card,4
TXN00653,2023-08-26 13:34:24.864864,65.0,Female,East,Furniture,9,199,2784.89,UPI,5
TXN00654,2023-08-26 22:19:05.945945,,Male,West,Groceries,8,999,2114.78,Cash,5
TXN00655,2023-08-27 07:03:47.027027,21.0,Female,South,Electronics,2,1499,5058.69,UPI,3
TXN00656,2023-08-27 15:48:28.108108,22.0,Female,South,Electronics,8,2999,3047.37,Credit Card,3
TXN00657,2023-08-28 00:33:09.189189,54.0,Female,East,Electronics,4,499,3011.14,UPI,3
TXN00658,2023-08-28 09:17:50.270270,58.0,Male,East,Electronics,2,199,2980.7,Debit Card,4
TXN00659,2023-08-28 18:02:31.351351,66.0,Female,East,Clothing,7,1499,3158.47,Debit Card,4
TXN00660,2023-08-29 02:47:12.432432,30.0,Male,East,Electronics,6,999,2884.51,UPI,4
TXN00661,2023-08-29 11:31:53.513513,51.0,Male,East,Electronics,5,499,2541.07,Debit Card,2
TXN00662,2023-08-29 20:16:34.594594,62.0,Male,North,Electronics,1,199,2562.51,Credit Card,4
TXN00663,2023-08-30 05:01:15.675675,,Female,North,Electronics,2,2999,2973.8,Debit Card,5
TXN00664,2023-08-30 13:45:56.756756,40.0,Female,West,Electronics,8,499,2565.26,UPI,3
TXN00665,2023-08-30 22:30:37.837837,68.0,Female,South,Electronics,1,4999,2429.72,UPI,4
TXN00666,2023-08-31 07:15:18.918918,20.0,Female,North,Clothing,3,9999,3085.14,UPI,4
TXN00667,2023-08-31 16:00:00.000000,59.0,Female,North,Groceries,2,499,2796.02,Cash,5
TXN00668,2023-09-01 00:44:41.081081,51.0,Male,North,Electronics,5,9999,4203.19,UPI,5
TXN00669,2023-09-01 09:29:22.162162,49.0,Male,West,Clothing,4,1499,879.22,Credit Card,4
TXN00670,2023-09-01 18:14:03.243243,62.0,Male,East,Clothing,7,199,3873.21,Debit Card,4
TXN00671,2023-09-02 02:58:44.324324,68.0,Female,West,Electronics,5,1499,3996.87,Debit Card,5
TXN00672,2023-09-02 11:43:25.405405,66.0,Male,South,Electronics,8,1499,1341.29,Cash,4
TXN00673,2023-09-02 20:28:06.486486,38.0,Male,South,Groceries,4,999,2725.85,Cash,3
TXN00674,2023-09-03 05:12:47.567567,63.0,Female,South,Groceries,6,2999,2702.85,Credit Card,5
TXN00675,2023-09-03 13:57:28.648648,61.0,Female,South,Electronics,4,499,1873.99,UPI,3
TXN00676,2023-09-03 22:42:09.729729,38.0,Male,North,Electronics,2,199,2377.75,Cash,4
TXN00677,2023-09-04 07:26:50.810810,61.0,Male,North,Sports,1,4999,2111.54,Debit Card,5
TXN00678,2023-09-04 16:11:31.891891,28.0,Female,West,Clothing,1,2999,4401.82,Cash,4
TXN00679,2023-09-05 00:56:12.972972,56.0,Female,East,Electronics,8,2999,3748.54,Cash,4
TXN00680,2023-09-05 09:40:54.054054,21.0,Female,South,Sports,4,199,4017.24,UPI,3
TXN00681,2023-09-05 18:25:35.135135,68.0,Female,West,Furniture,5,2999,3577.34,Cash,4
TXN00682,2023-09-06 03:10:16.216216,18.0,Male,North,Clothing,8,999,2096.76,Credit Card,3
TXN00683,2023-09-06 11:54:57.297297,45.0,Male,North,Groceries,7,2999,2580.38,Debit Card,3
TXN00684,2023-09-06 20:39:38.378378,41.0,Female,East,Electronics,8,999,3391.5,UPI,4
TXN00685,2023-09-07 05:24:19.459459,52.0,Male,East,Electronics,8,499,2022.3,Debit Card,3
TXN00686,2023-09-07 14:09:00.540540,30.0,Male,East,Groceries,6,499,3570.4,Credit Card,4
TXN00687,2023-09-07 22:53:41.621621,64.0,Female,West,Electronics,2,1499,2807.74,Credit Card,4
TXN00688,2023-09-08 07:38:22.702702,51.0,Male,North,Clothing,6,999,2700.14,Cash,5
TXN00689,2023-09-08 16:23:03.783783,28.0,Male,North,Sports,1,4999,3568.77,Cash,4
TXN00690,2023-09-09 01:07:44.864864,53.0,Male,East,Sports,1,499,3355.41,Cash,2
TXN00691,2023-09-09 09:52:25.945945,68.0,Female,,Electronics,3,2999,2711.23,Debit Card,2
TXN00692,2023-09-09 18:37:07.027027,34.0,Female,East,Groceries,3,199,3927.46,Credit Card,4
TXN00693,2023-09-10 03:21:48.108108,52.0,Male,West,Groceries,5,199,2135.15,UPI,4
TXN00694,2023-09-10 12:06:29.189189,35.0,Female,East,Sports,1,9999,3492.75,Cash,4
TXN00695,2023-09-10 20:51:10.270270,,Female,East,Clothing,6,999,3474.48,Debit Card,4
TXN00696,2023-09-11 05:35:51.351351,39.0,Female,West,Electronics,7,4999,2752.36,Cash,2
TXN00697,2023-09-11 14:20:32.432432,41.0,Male,East,Electronics,3,1499,3260.91,Credit Card,4
TXN00698,2023-09-11 23:05:13.513513,36.0,Male,North,Clothing,4,2999,1999.11,UPI,4
TXN00699,2023-09-12 07:49:54.594594,54.0,Female,South,Clothing,3,999,3739.22,Credit Card,2
TXN00700,2023-09-12 16:34:35.675675,56.0,Male,East,Furniture,1,9999,2852.08,Debit Card,2
TXN00701,2023-09-13 01:19:16.756756,38.0,Male,West,Groceries,8,199,2581.82,Cash,2
TXN00702,2023-09-13 10:03:57.837837,,Male,South,Clothing,2,999,3839.21,Credit Card,2
TXN00703,2023-09-13 18:48:38.918918,45.0,Male,West,Groceries,1,2999,2436.53,Debit Card,4
TXN00704,2023-09-14 03:33:20.000000,22.0,Male,South,Electronics,8,4999,1873.23,Cash,3
TXN00705,2023-09-14 12:18:01.081081,34.0,Female,South,Sports,7,4999,1754.7,UPI,3
TXN00706,2023-09-14 21:02:42.162162,54.0,Male,,Sports,7,499,3484.81,Credit Card,3
TXN00707,2023-09-15 05:47:23.243243,53.0,Male,North,Sports,4,2999,1975.66,Cash,5
TXN00708,2023-09-15 14:32:04.324324,,Male,East,Sports,9,9999,4403.84,Cash,5
TXN00709,2023-09-15 23:16:45.405405,44.0,Female,West,Electronics,6,499,1334.46,Cash,3
TXN00710,2023-09-16 08:01:26.486486,51.0,Female,West,Electronics,2,499,4357.17,Cash,3
TXN00711,2023-09-16 16:46:07.567567,28.0,Female,South,Groceries,1,499,3168.81,Credit Card,3
TXN00712,2023-09-17 01:30:48.648648,62.0,Male,South,Sports,1,999,2922.63,Cash,4
TXN00713,2023-09-17 10:15:29.729729,64.0,Female,North,Electronics,9,9999,2564.06,Debit Card,1
TXN00714,2023-09-17 19:00:10.810810,29.0,Female,East,Electronics,4,199,3319.31,Credit Card,4
TXN00715,2023-09-18 03:44:51.891891,38.0,Female,West,Furniture,5,4999,2969.89,Cash,4
TXN00716,2023-09-18 12:29:32.972972,28.0,Female,South,Electronics,3,999,3882.64,Credit Card,5
TXN00717,2023-09-18 21:14:14.054054,56.0,Male,North,Clothing,4,199,3091.38,Debit Card,3
TXN00718,2023-09-19 05:58:55.135135,45.0,Female,West,Groceries,8,4999,3120.24,Debit Card,5
TXN00719,2023-09-19 14:43:36.216216,22.0,Female,South,Electronics,4,9999,2709.11,Credit Card,5
TXN00720,2023-09-19 23:28:17.297297,34.0,Male,West,Electronics,9,9999,2954.44,Cash,2
TXN00721,2023-09-20 08:12:58.378378,37.0,Male,North,Furniture,9,2999,3246.24,Cash,4
TXN00722,2023-09-20 16:57:39.459459,58.0,Female,North,Groceries,6,4999,1631.87,Debit Card,3
TXN00723,2023-09-21 01:42:20.540540,63.0,Male,West,Sports,2,4999,1921.45,Cash,3
TXN00724,2023-09-21 10:27:01.621621,29.0,Female,East,Clothing,7,9999,3594.61,Debit Card,3
TXN00725,2023-09-21 19:11:42.702702,23.0,Male,West,Electronics,9,4999,3136.69,Cash,4
TXN00726,2023-09-22 03:56:23.783783,34.0,Male,South,Groceries,6,1499,2852.81,Debit Card,4
TXN00727,2023-09-22 12:41:04.864864,68.0,Female,East,Groceries,3,2999,3014.75,UPI,5
TXN00728,2023-09-22 21:25:45.945945,36.0,Male,South,Electronics,7,999,3278.07,Cash,2
TXN00729,2023-09-23 06:10:27.027027,43.0,Female,West,Furniture,5,999,2568.19,Cash,5
TXN00730,2023-09-23 14:55:08.108108,65.0,Male,East,Electronics,1,199,2377.36,Cash,3
TXN00731,2023-09-23 23:39:49.189189,,Female,South,Clothing,3,999,3156.68,Credit Card,5
TXN00732,2023-09-24 08:24:30.270270,61.0,Male,West,Electronics,5,499,2217.3,Cash,3
TXN00733,2023-09-24 17:09:11.351351,69.0,Male,West,Clothing,7,4999,3326.6,Credit Card,2
TXN00734,2023-09-25 01:53:52.432432,49.0,Male,East,Clothing,3,999,1637.93,Credit Card,5
TXN00735,2023-09-25 10:38:33.513513,23.0,Male,West,Groceries,6,199,3823.32,Debit Card,3
TXN00736,2023-09-25 19:23:14.594594,53.0,Male,North,Groceries,5,199,3378.08,Credit Card,4
TXN00737,2023-09-26 04:07:55.675675,55.0,Female,South,Sports,1,499,3204.82,Credit Card,4
TXN00738,2023-09-26 12:52:36.756756,28.0,Male,South,Electronics,6,199,3786.15,UPI,4
TXN00739,2023-09-26 21:37:17.837837,50.0,Female,West,Electronics,8,9999,4332.38,Cash,4
TXN00740,2023-09-27 06:21:58.918918,41.0,Female,West,Electronics,1,1499,3811.5,Credit Card,4
TXN00741,2023-09-27 15:06:40.000000,40.0,Female,North,Electronics,2,9999,1527.3,Cash,2
TXN00742,2023-09-27 23:51:21.081081,32.0,Male,East,Groceries,4,4999,1976.34,Credit Card,4
TXN00743,2023-09-28 08:36:02.162162,44.0,Female,West,Groceries,2,4999,2500.15,Debit Card,5
TXN00744,2023-09-28 17:20:43.243243,28.0,Male,West,Furniture,9,4999,3020.87,UPI,2
TXN00745,2023-09-29 02:05:24.324324,68.0,Female,West,Electronics,8,2999,3414.13,Credit Card,2
TXN00746,2023-09-29 10:50:05.405405,67.0,Female,West,Clothing,8,999,2419.4,Cash,4
TXN00747,2023-09-29 19:34:46.486486,34.0,Female,South,Groceries,4,1499,3149.41,Debit Card,4
TXN00748,2023-09-30 04:19:27.567567,68.0,Female,West,Electronics,5,999,2395.69,Cash,4
TXN00749,2023-09-30 13:04:08.648648,31.0,Female,South,Groceries,4,1499,2510.79,Debit Card,2
TXN00750,2023-09-30 21:48:49.729729,44.0,Male,West,Sports,9,999,1874.67,UPI,4
TXN00751,2023-10-01 06:33:30.810810,35.0,Female,East,Clothing,2,499,3165.98,Debit Card,2
TXN00752,2023-10-01 15:18:11.891891,45.0,Female,,Furniture,8,9999,2686.11,Cash,4
TXN00753,2023-10-02 00:02:52.972972,68.0,Male,,Groceries,2,199,3107.02,Cash,5
TXN00754,2023-10-02 08:47:34.054054,64.0,Male,West,Electronics,1,199,5380.08,Credit Card,3
TXN00755,2023-10-02 17:32:15.135135,64.0,Male,West,Groceries,3,9999,3136.67,Debit Card,4
TXN00756,2023-10-03 02:16:56.216216,21.0,Female,West,Clothing,9,499,7148.27,Cash,5
TXN00757,2023-10-03 11:01:37.297297,24.0,Female,East,Electronics,3,1499,4752.52,Credit Card,4
TXN00758,2023-10-03 19:46:18.378378,62.0,Female,West,Groceries,9,9999,4407.02,UPI,5
TXN00759,2023-10-04 04:30:59.459459,52.0,Female,East,Sports,7,2999,3238.64,Cash,4
TXN00760,2023-10-04 13:15:40.540540,65.0,Female,South,Clothing,1,1499,4984.35,Credit Card,5
TXN00761,2023-10-04 22:00:21.621621,26.0,Female,North,Clothing,5,199,3555.29,Cash,1
TXN00762,2023-10-05 06:45:02.702702,25.0,Male,North,Sports,9,2999,4336.65,Debit Card,2
TXN00763,2023-10-05 15:29:43.783783,69.0,Male,East,Furniture,3,999,7067.29,Credit Card,3
TXN00764,2023-10-06 00:14:24.864864,,Female,South,Groceries,9,2999,4092.41,Debit Card,4
TXN00765,2023-10-06 08:59:05.945945,34.0,Female,East,Electronics,5,1499,5487.19,UPI,5
TXN00766,2023-10-06 17:43:47.027027,34.0,Female,South,Sports,9,499,3412.44,Debit Card,3
TXN00767,2023-10-07 02:28:28.108108,66.0,Female,West,Electronics,6,999,4160.81,Credit Card,4
TXN00768,2023-10-07 11:13:09.189189,50.0,Female,South,Groceries,9,1499,6183.3,Cash,4
TXN00769,2023-10-07 19:57:50.270270,49.0,Male,South,Electronics,7,999,3497.8,Credit Card,4
TXN00770,2023-10-08 04:42:31.351351,25.0,Male,South,Groceries,7,2999,6229.94,Debit Card,4
TXN00771,2023-10-08 13:27:12.432432,36.0,Female,North,Clothing,8,199,4992.68,Debit Card,4
TXN00772,2023-10-08 22:11:53.513513,55.0,Male,South,Clothing,7,1499,3570.04,Cash,3
TXN00773,2023-10-09 06:56:34.594594,20.0,Female,West,Clothing,9,499,4908.3,UPI,2
TXN00774,2023-10-09 15:41:15.675675,22.0,Female,West,Electronics,9,9999,5289.26,Credit Card,5
TXN00775,2023-10-10 00:25:56.756756,30.0,Female,West,Groceries,6,2999,4896.43,Cash,2
TXN00776,2023-10-10 09:10:37.837837,64.0,Male,South,Sports,7,1499,2441.35,Cash,2
TXN00777,2023-10-10 17:55:18.918918,63.0,Male,East,Sports,2,499,3385.61,Cash,5
TXN00778,2023-10-11 02:40:00.000000,48.0,Female,East,Electronics,9,1499,3922.78,Credit Card,3
TXN00779,2023-10-11 11:24:41.081081,33.0,Male,West,Groceries,1,2999,4116.63,Credit Card,4
TXN00780,2023-10-11 20:09:22.162162,67.0,Male,North,Groceries,1,1499,4895.15,Credit Card,3
TXN00781,2023-10-12 04:54:03.243243,49.0,Female,East,Clothing,3,999,4399.03,UPI,4
TXN00782,2023-10-12 13:38:44.324324,39.0,Male,South,Electronics,6,2999,2704.41,Cash,3
TXN00783,2023-10-12 22:23:25.405405,46.0,Male,East,Groceries,5,1499,4625.82,Debit Card,3
TXN00784,2023-10-13 07:08:06.486486,39.0,Female,West,Sports,2,9999,4883.86,Debit Card,4
TXN00785,2023-10-13 15:52:47.567567,60.0,Female,North,Groceries,9,199,4826.97,Cash,4
TXN00786,2023-10-14 00:37:28.648648,20.0,Male,East,Clothing,4,1499,5410.47,Debit Card,4
TXN00787,2023-10-14 09:22:09.729729,27.0,Female,East,Groceries,4,999,5133.99,UPI,5
TXN00788,2023-10-14 18:06:50.810810,59.0,Male,West,Electronics,5,499,4714.28,UPI,1
TXN00789,2023-10-15 02:51:31.891891,38.0,Female,North,Furniture,8,9999,4121.41,Credit Card,4
TXN00790,2023-10-15 11:36:12.972972,33.0,Female,North,Groceries,4,499,2339.72,Credit Card,4
TXN00791,2023-10-15 20:20:54.054054,29.0,Female,West,Electronics,5,9999,4681.17,Credit Card,5
TXN00792,2023-10-16 05:05:35.135135,19.0,Female,South,Sports,4,499,4432.61,Credit Card,1
TXN00793,2023-10-16 13:50:16.216216,58.0,Male,East,Clothing,6,199,4504.17,Credit Card,4
TXN00794,2023-10-16 22:34:57.297297,41.0,Female,South,Sports,3,999,2770.04,Debit Card,5
TXN00795,2023-10-17 07:19:38.378378,52.0,Female,East,Clothing,8,2999,2989.22,Debit Card,3
TXN00796,2023-10-17 16:04:19.459459,47.0,Female,East,Electronics,6,499,5379.53,Credit Card,5
TXN00797,2023-10-18 00:49:00.540540,47.0,Male,South,Clothing,5,9999,4155.7,UPI,1
TXN00798,2023-10-18 09:33:41.621621,64.0,Male,West,Clothing,2,999,4963.28,Debit Card,4
TXN00799,2023-10-18 18:18:22.702702,52.0,Female,West,Electronics,7,1499,4231.72,UPI,5
TXN00800,2023-10-19 03:03:03.783783,36.0,Female,East,Groceries,2,199,4233.33,UPI,4
TXN00801,2023-10-19 11:47:44.864864,,Female,West,Groceries,1,999,5250.88,Cash,4
TXN00802,2023-10-19 20:32:25.945945,25.0,Female,East,Groceries,7,999,3622.03,Cash,1
TXN00803,2023-10-20 05:17:07.027027,43.0,Female,West,Electronics,5,2999,4307.66,Credit Card,5
TXN00804,2023-10-20 14:01:48.108108,66.0,Female,East,Groceries,1,999,3682.25,UPI,4
TXN00805,2023-10-20 22:46:29.189189,,Male,West,Electronics,4,2999,3713.36,Debit Card,1
TXN00806,2023-10-21 07:31:10.270270,,Female,North,Groceries,4,199,3853.73,Cash,4
TXN00807,2023-10-21 16:15:51.351351,47.0,Female,South,Electronics,7,199,4448.79,Cash,4
TXN00808,2023-10-22 01:00:32.432432,24.0,Female,North,Sports,9,1499,3663.8,UPI,2
TXN00809,2023-10-22 09:45:13.513513,20.0,Female,South,Groceries,2,2999,5606.45,Cash,3
TXN00810,2023-10-22 18:29:54.594594,18.0,Female,South,Groceries,1,2999,3198.04,Cash,2
TXN00811,2023-10-23 03:14:35.675675,53.0,Female,East,Clothing,2,499,3990.7,Debit Card,4
TXN00812,2023-10-23 11:59:16.756756,42.0,Male,South,Electronics,7,499,3707.5,UPI,4
TXN00813,2023-10-23 20:43:57.837837,54.0,Male,North,Clothing,6,1499,5820.62,Cash,4
TXN00814,2023-10-24 05:28:38.918918,18.0,Male,North,Sports,4,199,4420.14,UPI,5
TXN00815,2023-10-24 14:13:20.000000,32.0,Male,West,Sports,1,4999,5355.67,Cash,5
TXN00816,2023-10-24 22:58:01.081081,54.0,Male,North,Electronics,1,499,2536.17,Debit Card,4
TXN00817,2023-10-25 07:42:42.162162,30.0,Male,West,Groceries,5,999,4499.1,UPI,1
TXN00818,2023-10-25 16:27:23.243243,57.0,Female,,Groceries,1,199,5196.39,Cash,4
TXN00819,2023-10-26 01:12:04.324324,25.0,Female,North,Groceries,7,4999,4292.16,Debit Card,4
TXN00820,2023-10-26 09:56:45.405405,,Female,,Electronics,1,999,5393.34,Cash,4
TXN00821,2023-10-26 18:41:26.486486,26.0,Female,North,Electronics,1,9999,3620.64,UPI,4
TXN00822,2023-10-27 03:26:07.567567,18.0,Female,North,Clothing,2,2999,15955.849050360743,Cash,4
TXN00823,2023-10-27 12:10:48.648648,53.0,Female,West,Furniture,3,199,6774.77,UPI,5
TXN00824,2023-10-27 20:55:29.729729,52.0,Male,South,Groceries,1,9999,3793.62,UPI,2
TXN00825,2023-10-28 05:40:10.810810,19.0,Female,North,Groceries,9,1499,3701.04,Cash,4
TXN00826,2023-10-28 14:24:51.891891,57.0,Male,East,Sports,8,2999,5827.79,Debit Card,1
TXN00827,2023-10-28 23:09:32.972972,40.0,Male,South,Groceries,5,2999,5969.12,Credit Card,5
TXN00828,2023-10-29 07:54:14.054054,26.0,Female,South,Sports,2,999,3614.4,Debit Card,2
TXN00829,2023-10-29 16:38:55.135135,51.0,Female,South,Groceries,5,9999,3729.39,Debit Card,2
TXN00830,2023-10-30 01:23:36.216216,63.0,Female,West,Electronics,6,2999,3884.4,Cash,3
TXN00831,2023-10-30 10:08:17.297297,31.0,Female,East,Sports,1,499,2694.22,Debit Card,4
TXN00832,2023-10-30 18:52:58.378378,21.0,Female,South,Groceries,4,199,3171.11,Debit Card,3
TXN00833,2023-10-31 03:37:39.459459,47.0,Female,North,Electronics,9,499,3075.36,Credit Card,4
TXN00834,2023-10-31 12:22:20.540540,48.0,Female,North,Clothing,2,999,3340.07,Debit Card,4
TXN00835,2023-10-31 21:07:01.621621,55.0,Male,West,Electronics,5,4999,4161.15,Credit Card,1
TXN00836,2023-11-01 05:51:42.702702,28.0,Female,North,Groceries,1,999,4462.32,Cash,3
TXN00837,2023-11-01 14:36:23.783783,52.0,Female,South,Sports,4,199,5936.56,Credit Card,5
TXN00838,2023-11-01 23:21:04.864864,25.0,Male,North,Sports,4,2999,3081.84,UPI,4
TXN00839,2023-11-02 08:05:45.945945,20.0,Female,South,Sports,6,9999,5302.44,UPI,4
TXN00840,2023-11-02 16:50:27.027027,31.0,Female,North,Electronics,9,9999,3960.33,Credit Card,4
TXN00841,2023-11-03 01:35:08.108108,30.0,Male,East,Clothing,3,1499,4144.6,UPI,3
TXN00842,2023-11-03 10:19:49.189189,62.0,Female,West,Electronics,9,999,4955.8,Cash,2
TXN00843,2023-11-03 19:04:30.270270,,Female,West,Sports,6,199,2942.55,UPI,3
TXN00844,2023-11-04 03:49:11.351351,51.0,Female,East,Clothing,7,1499,4628.3,Credit Card,5
TXN00845,2023-11-04 12:33:52.432432,62.0,Female,East,Groceries,2,2999,4386.43,Cash,5
TXN00846,2023-11-04 21:18:33.513513,36.0,Female,West,Groceries,6,4999,4751.55,UPI,4
TXN00847,2023-11-05 06:03:14.594594,55.0,Female,East,Clothing,6,999,4523.87,Cash,1
TXN00848,2023-11-05 14:47:55.675675,33.0,Male,South,Clothing,2,4999,6949.94,Credit Card,2
TXN00849,2023-11-05 23:32:36.756756,19.0,Female,North,Sports,2,199,3485.73,UPI,3
TXN00850,2023-11-06 08:17:17.837837,57.0,Female,West,Sports,2,4999,3605.28,Cash,4
TXN00851,2023-11-06 17:01:58.918918,34.0,Male,East,Clothing,1,4999,3502.08,Cash,2
TXN00852,2023-11-07 01:46:40.000000,51.0,Male,,Groceries,5,199,3577.87,UPI,5
TXN00853,2023-11-07 10:31:21.081081,59.0,Female,West,Sports,8,199,3486.13,Cash,4
TXN00854,2023-11-07 19:16:02.162162,33.0,Male,East,Electronics,2,999,5531.7,Cash,5
TXN00855,2023-11-08 04:00:43.243243,55.0,Female,West,Clothing,5,4999,5790.96,Credit Card,5
TXN00856,2023-11-08 12:45:24.324324,19.0,Female,East,Electronics,8,1499,3560.76,Credit Card,5
TXN00857,2023-11-08 21:30:05.405405,19.0,Male,West,Groceries,5,199,3267.76,Credit Card,4
TXN00858,2023-11-09 06:14:46.486486,43.0,Female,South,Electronics,2,2999,4727.99,Credit Card,4
TXN00859,2023-11-09 14:59:27.567567,30.0,Female,South,Clothing,3,4999,3581.51,Credit Card,4
TXN00860,2023-11-09 23:44:08.648648,64.0,Male,North,Electronics,6,199,4908.88,Credit Card,4
TXN00861,2023-11-10 08:28:49.729729,48.0,Male,West,Groceries,5,1499,4427.27,UPI,4
TXN00862,2023-11-10 17:13:30.810810,51.0,Male,North,Sports,4,9999,2502.37,Credit Card,5
TXN00863,2023-11-11 01:58:11.891891,56.0,Male,West,Furniture,4,999,5933.21,Cash,4
TXN00864,2023-11-11 10:42:52.972972,20.0,Female,East,Furniture,5,4999,6211.38,UPI,5
TXN00865,2023-11-11 19:27:34.054054,25.0,Male,East,Groceries,2,9999,3513.68,Cash,5
TXN00866,2023-11-12 04:12:15.135135,40.0,Male,North,Electronics,9,199,3765.77,Credit Card,3
TXN00867,2023-11-12 12:56:56.216216,31.0,Male,West,Electronics,2,199,4520.17,Credit Card,2
TXN00868,2023-11-12 21:41:37.297297,44.0,Male,North,Sports,2,2999,4574.59,Cash,4
TXN00869,2023-11-13 06:26:18.378378,46.0,Male,South,Clothing,9,2999,4937.57,Cash,4
TXN00870,2023-11-13 15:10:59.459459,56.0,Female,North,Electronics,3,4999,6451.43,Cash,5
TXN00871,2023-11-13 23:55:40.540540,56.0,Male,North,Groceries,7,9999,4001.82,Debit Card,4
TXN00872,2023-11-14 08:40:21.621621,18.0,Female,East,Clothing,4,9999,3305.91,Debit Card,4
TXN00873,2023-11-14 17:25:02.702702,34.0,Male,North,Clothing,6,199,2655.16,Debit Card,4
TXN00874,2023-11-15 02:09:43.783783,58.0,Male,West,Sports,4,4999,3381.36,Debit Card,1
TXN00875,2023-11-15 10:54:24.864864,47.0,Male,East,Sports,7,199,4162.9,UPI,4
TXN00876,2023-11-15 19:39:05.945945,,Male,North,Clothing,1,2999,6209.9,Credit Card,5
TXN00877,2023-11-16 04:23:47.027027,38.0,Male,South,Sports,3,1499,3620.28,Cash,3
TXN00878,2023-11-16 13:08:28.108108,36.0,Male,North,Groceries,3,499,4450.64,Credit Card,4
TXN00879,2023-11-16 21:53:09.189189,36.0,Male,North,Groceries,1,499,4181.61,Cash,4
TXN00880,2023-11-17 06:37:50.270270,42.0,Male,North,Electronics,6,199,5531.0,Credit Card,3
TXN00881,2023-11-17 15:22:31.351351,39.0,Female,East,Electronics,9,9999,7030.16,UPI,2
TXN00882,2023-11-18 00:07:12.432432,48.0,Male,West,Groceries,8,2999,3605.43,Debit Card,5
TXN00883,2023-11-18 08:51:53.513513,,Female,South,Sports,7,999,3651.83,Credit Card,4
TXN00884,2023-11-18 17:36:34.594594,40.0,Male,North,Groceries,8,999,5369.46,Cash,3
TXN00885,2023-11-19 02:21:15.675675,49.0,Female,West,Electronics,6,499,4963.72,Credit Card,3
TXN00886,2023-11-19 11:05:56.756756,27.0,Male,West,Electronics,9,1499,6268.31,UPI,4
TXN00887,2023-11-19 19:50:37.837837,27.0,Male,East,Furniture,3,499,4854.0,UPI,4
TXN00888,2023-11-20 04:35:18.918918,53.0,Male,South,Electronics,9,199,3797.59,Credit Card,4
TXN00889,2023-11-20 13:20:00.000000,25.0,Female,East,Groceries,4,1499,4861.53,Debit Card,2
TXN00890,2023-11-20 22:04:41.081081,69.0,Female,West,Electronics,7,999,5441.75,Cash,5
TXN00891,2023-11-21 06:49:22.162162,37.0,Female,West,Electronics,9,9999,13023.905668268691,UPI,4
TXN00892,2023-11-21 15:34:03.243243,49.0,Female,West,Groceries,2,2999,4768.15,UPI,3
TXN00893,2023-11-22 00:18:44.324324,67.0,Male,East,Groceries,2,2999,5394.68,Credit Card,4
TXN00894,2023-11-22 09:03:25.405405,31.0,Male,South,Clothing,9,199,5509.61,UPI,4
TXN00895,2023-11-22 17:48:06.486486,67.0,Male,North,Electronics,3,499,5748.02,UPI,5
TXN00896,2023-11-23 02:32:47.567567,45.0,Female,East,Furniture,9,199,4926.56,Cash,5
TXN00897,2023-11-23 11:17:28.648648,63.0,Male,West,Electronics,5,2999,4012.83,Debit Card,3
TXN00898,2023-11-23 20:02:09.729729,69.0,Female,East,Groceries,6,999,4364.32,Cash,5
TXN00899,2023-11-24 04:46:50.810810,41.0,Female,West,Sports,2,2999,5551.29,Debit Card,5
TXN00900,2023-11-24 13:31:31.891891,32.0,Female,North,Electronics,8,1499,3285.03,Cash,5
TXN00901,2023-11-24 22:16:12.972972,39.0,Female,North,Sports,9,9999,4612.91,Credit Card,3
TXN00902,2023-11-25 07:00:54.054054,47.0,Female,South,Electronics,2,9999,3759.46,UPI,4
TXN00903,2023-11-25 15:45:35.135135,21.0,Male,West,Groceries,6,4999,4232.19,Debit Card,3
TXN00904,2023-11-26 00:30:16.216216,30.0,Female,South,Clothing,6,2999,5631.87,Credit Card,5
TXN00905,2023-11-26 09:14:57.297297,40.0,Female,South,Sports,8,2999,4414.03,UPI,1
TXN00906,2023-11-26 17:59:38.378378,25.0,Male,North,Clothing,5,9999,4252.01,UPI,4
TXN00907,2023-11-27 02:44:19.459459,35.0,Female,East,Clothing,9,4999,2676.96,UPI,3
TXN00908,2023-11-27 11:29:00.540540,29.0,Female,East,Sports,1,1499,5035.8,Cash,3
TXN00909,2023-11-27 20:13:41.621621,48.0,Male,South,Groceries,9,499,4922.94,Credit Card,4
TXN00910,2023-11-28 04:58:22.702702,31.0,Male,North,Groceries,7,2999,6622.85,Credit Card,5
TXN00911,2023-11-28 13:43:03.783783,,Male,West,Clothing,4,9999,3855.29,UPI,4
TXN00912,2023-11-28 22:27:44.864864,35.0,Female,East,Groceries,3,199,4445.45,Debit Card,5
TXN00913,2023-11-29 07:12:25.945945,51.0,Male,South,Electronics,6,2999,4479.31,Credit Card,3
TXN00914,2023-11-29 15:57:07.027027,28.0,Male,East,Electronics,1,199,5966.75,Cash,4
TXN00915,2023-11-30 00:41:48.108108,58.0,Male,East,Groceries,3,1499,4093.27,Debit Card,4
TXN00916,2023-11-30 09:26:29.189189,29.0,Female,West,Clothing,2,2999,4512.5,Debit Card,1
TXN00917,2023-11-30 18:11:10.270270,66.0,Male,North,Sports,9,9999,4880.84,Debit Card,4
TXN00918,2023-12-01 02:55:51.351351,32.0,Female,West,Sports,3,1499,4409.0,Debit Card,4
TXN00919,2023-12-01 11:40:32.432432,48.0,Female,North,Groceries,2,1499,3699.99,Credit Card,4
TXN00920,2023-12-01 20:25:13.513513,66.0,Male,East,Furniture,4,499,4417.38,UPI,4
TXN00921,2023-12-02 05:09:54.594594,46.0,Female,South,Groceries,2,2999,5402.47,Debit Card,4
TXN00922,2023-12-02 13:54:35.675675,43.0,Female,West,Electronics,1,199,3050.3,Cash,2
TXN00923,2023-12-02 22:39:16.756756,35.0,Male,North,Furniture,6,199,4348.93,Cash,2
TXN00924,2023-12-03 07:23:57.837837,49.0,Female,East,Electronics,8,2999,3415.86,UPI,4
TXN00925,2023-12-03 16:08:38.918918,39.0,Male,North,Clothing,2,4999,5538.45,Credit Card,3
TXN00926,2023-12-04 00:53:20.000000,55.0,Female,North,Furniture,9,499,2494.03,UPI,2
TXN00927,2023-12-04 09:38:01.081081,34.0,Female,North,Groceries,3,499,3574.01,Debit Card,4
TXN00928,2023-12-04 18:22:42.162162,40.0,Male,East,Sports,8,499,4622.48,Credit Card,4
TXN00929,2023-12-05 03:07:23.243243,41.0,Male,South,Electronics,8,199,5953.39,Credit Card,3
TXN00930,2023-12-05 11:52:04.324324,67.0,Female,South,Groceries,3,1499,4126.36,Debit Card,4
TXN00931,2023-12-05 20:36:45.405405,25.0,Female,South,Electronics,3,9999,3578.18,Cash,4
TXN00932,2023-12-06 05:21:26.486486,58.0,Male,North,Groceries,6,4999,6306.9,Debit Card,3
TXN00933,2023-12-06 14:06:07.567567,23.0,Female,East,Furniture,1,499,2578.22,UPI,5
TXN00934,2023-12-06 22:50:48.648648,22.0,Female,North,Groceries,4,199,1737.34,Debit Card,4
TXN00935,2023-12-07 07:35:29.729729,61.0,Female,South,Clothing,1,199,4692.82,Cash,4
TXN00936,2023-12-07 16:20:10.810810,46.0,Female,South,Electronics,3,1499,3637.7,Debit Card,4
TXN00937,2023-12-08 01:04:51.891891,45.0,Male,East,Electronics,9,2999,19836.406723054053,UPI,1
TXN00938,2023-12-08 09:49:32.972972,28.0,Male,North,Groceries,5,2999,4993.36,UPI,4
TXN00939,2023-12-08 18:34:14.054054,18.0,Male,West,Sports,5,9999,4473.06,Cash,4
TXN00940,2023-12-09 03:18:55.135135,60.0,Male,,Electronics,4,9999,3568.23,UPI,5
TXN00941,2023-12-09 12:03:36.216216,36.0,Male,South,Groceries,3,499,2766.06,UPI,5
TXN00942,2023-12-09 20:48:17.297297,26.0,Male,East,Sports,5,9999,5177.15,Debit Card,4
TXN00943,2023-12-10 05:32:58.378378,44.0,Female,North,Groceries,4,499,4928.23,Credit Card,3
TXN00944,2023-12-10 14:17:39.459459,51.0,Male,North,Groceries,8,4999,4088.92,UPI,3
TXN00945,2023-12-10 23:02:20.540540,61.0,Female,South,Furniture,4,9999,6268.23,UPI,3
TXN00946,2023-12-11 07:47:01.621621,21.0,Female,South,Clothing,8,1499,3001.51,Cash,4
TXN00947,2023-12-11 16:31:42.702702,,Female,North,Clothing,6,499,2491.41,Cash,3
TXN00948,2023-12-12 01:16:23.783783,35.0,Male,North,Electronics,5,1499,3425.06,Debit Card,4
TXN00949,2023-12-12 10:01:04.864864,32.0,Female,South,Sports,4,199,4148.94,Debit Card,3
TXN00950,2023-12-12 18:45:45.945945,68.0,Male,North,Sports,4,499,4472.54,UPI,5
TXN00951,2023-12-13 03:30:27.027027,30.0,Female,West,Furniture,4,199,3929.82,Credit Card,2
TXN00952,2023-12-13 12:15:08.108108,36.0,Female,South,Electronics,9,999,4594.3,Credit Card,5
TXN00953,2023-12-13 20:59:49.189189,66.0,Male,North,Clothing,4,1499,2798.28,Debit Card,5
TXN00954,2023-12-14 05:44:30.270270,23.0,Female,South,Electronics,9,999,5817.02,Cash,4
TXN00955,2023-12-14 14:29:11.351351,65.0,Female,East,Electronics,6,499,4107.99,UPI,4
TXN00956,2023-12-14 23:13:52.432432,29.0,Female,South,Groceries,7,199,5451.37,UPI,4
TXN00957,2023-12-15 07:58:33.513513,68.0,Female,South,Sports,3,499,4583.85,Credit Card,4
TXN00958,2023-12-15 16:43:14.594594,54.0,Male,East,Sports,8,999,4711.56,Debit Card,3
TXN00959,2023-12-16 01:27:55.675675,34.0,Female,West,Groceries,3,499,4838.14,Credit Card,3
TXN00960,2023-12-16 10:12:36.756756,40.0,Female,North,Electronics,1,4999,4701.43,Credit Card,4
TXN00961,2023-12-16 18:57:17.837837,43.0,Male,East,Clothing,5,2999,4919.85,Debit Card,4
TXN00962,2023-12-17 03:41:58.918918,46.0,Female,South,Clothing,2,999,5688.65,Cash,4
TXN00963,2023-12-17 12:26:40.000000,50.0,Female,North,Furniture,6,499,4420.1,UPI,3
TXN00964,2023-12-17 21:11:21.081081,44.0,Female,East,Furniture,9,199,4994.08,Cash,4
TXN00965,2023-12-18 05:56:02.162162,42.0,Female,North,Clothing,1,499,4099.5,Debit Card,2
TXN00966,2023-12-18 14:40:43.243243,27.0,Male,North,Clothing,4,199,5812.93,Debit Card,2
TXN00967,2023-12-18 23:25:24.324324,64.0,Female,East,Electronics,1,2999,3442.44,UPI,3
TXN00968,2023-12-19 08:10:05.405405,40.0,Male,North,Clothing,1,499,6217.05,Cash,2
TXN00969,2023-12-19 16:54:46.486486,,Female,West,Groceries,8,9999,4155.02,UPI,2
TXN00970,2023-12-20 01:39:27.567567,38.0,Female,East,Electronics,2,9999,2597.53,Credit Card,5
TXN00971,2023-12-20 10:24:08.648648,60.0,Female,West,Groceries,1,2999,4343.48,Credit Card,1
TXN00972,2023-12-20 19:08:49.729729,30.0,Male,South,Sports,8,999,3437.22,Credit Card,4
TXN00973,2023-12-21 03:53:30.810810,,Female,North,Groceries,4,199,5141.52,Cash,3
TXN00974,2023-12-21 12:38:11.891891,50.0,Female,South,Electronics,3,9999,3469.06,Credit Card,5
TXN00975,2023-12-21 21:22:52.972972,41.0,Male,South,Electronics,4,4999,3700.27,UPI,4
TXN00976,2023-12-22 06:07:34.054054,61.0,Male,North,Groceries,5,999,2083.71,Cash,3
TXN00977,2023-12-22 14:52:15.135135,28.0,Male,East,Clothing,1,199,3693.42,UPI,4
TXN00978,2023-12-22 23:36:56.216216,34.0,Male,North,Clothing,1,2999,1485.26,Debit Card,4
TXN00979,2023-12-23 08:21:37.297297,21.0,Female,South,Groceries,3,9999,2426.03,Cash,4
TXN00980,2023-12-23 17:06:18.378378,64.0,Female,South,Groceries,6,1499,5051.66,UPI,2
TXN00981,2023-12-24 01:50:59.459459,42.0,Female,East,Furniture,1,499,5080.1,UPI,5
TXN00982,2023-12-24 10:35:40.540540,47.0,Female,North,Clothing,2,2999,4676.51,Cash,4
TXN00983,2023-12-24 19:20:21.621621,26.0,Male,South,Furniture,7,199,3116.99,Debit Card,3
TXN00984,2023-12-25 04:05:02.702702,38.0,Female,West,Clothing,1,199,4146.56,Cash,4
TXN00985,2023-12-25 12:49:43.783783,37.0,Female,South,Electronics,7,199,4195.97,Credit Card,4
TXN00986,2023-12-25 21:34:24.864864,36.0,Female,South,Groceries,4,199,2902.63,Credit Card,5
TXN00987,2023-12-26 06:19:05.945945,36.0,Female,East,Groceries,6,499,5883.81,Debit Card,4
TXN00988,2023-12-26 15:03:47.027027,29.0,Male,West,Sports,8,999,5182.65,UPI,4
TXN00989,2023-12-26 23:48:28.108108,54.0,Female,South,Groceries,9,4999,3952.52,UPI,2
TXN00990,2023-12-27 08:33:09.189189,59.0,Female,South,Sports,6,1499,4230.11,UPI,5
TXN00991,2023-12-27 17:17:50.270270,34.0,Female,West,Sports,9,499,4433.39,Cash,4
TXN00992,2023-12-28 02:02:31.351351,54.0,Male,North,Groceries,4,199,1913.26,Cash,3
TXN00993,2023-12-28 10:47:12.432432,65.0,Male,North,Groceries,6,499,3923.16,Debit Card,2
TXN00994,2023-12-28 19:31:53.513513,56.0,Female,South,Groceries,8,2999,3436.18,Credit Card,3
TXN00995,2023-12-29 04:16:34.594594,45.0,Female,South,Sports,9,4999,3078.19,UPI,5
TXN00996,2023-12-29 13:01:15.675675,58.0,Female,North,Furniture,3,199,3885.17,Credit Card,3
TXN00997,2023-12-29 21:45:56.756756,52.0,Male,East,Electronics,2,1499,6213.41,Cash,4
TXN00998,2023-12-30 06:30:37.837837,64.0,Female,West,Furniture,6,199,4917.74,Cash,1
TXN00999,2023-12-30 15:15:18.918918,65.0,Female,West,Electronics,4,4999,3560.28,Cash,4
TXN01000,2023-12-31 00:00:00.000000,35.0,Female,East,Clothing,1,1499,4841.29,Credit Card,4
TXN00979,2023-12-23 08:21:37.297297,21.0,Female,South,Groceries,3,9999,2426.03,Cash,4
TXN00197,2023-03-13 09:58:11.891891,65.0,Female,West,Electronics,7,9999,2292.91,Cash,3
TXN00270,2023-04-09 00:20:10.810810,52.0,Female,West,Groceries,5,9999,3104.59,Cash,4
TXN00735,2023-09-25 10:38:33.513513,23.0,Male,West,Groceries,6,199,3823.32,Debit Card,3
TXN00795,2023-10-17 07:19:38.378378,52.0,Female,East,Clothing,8,2999,2989.22,Debit Card,3
TXN00400,2023-05-26 09:09:11.351351,42.0,Female,North,Sports,6,9999,3990.25,Credit Card,5
TXN00344,2023-05-05 23:26:50.810810,61.0,Female,South,Electronics,6,1499,2594.45,Cash,2
TXN00901,2023-11-24 22:16:12.972972,39.0,Female,North,Sports,9,9999,4612.91,Credit Card,3
TXN00761,2023-10-04 22:00:21.621621,26.0,Female,North,Clothing,5,199,3555.29,Cash,1
TXN00492,2023-06-28 21:40:10.810810,53.0,Male,East,Sports,9,2999,4183.96,Cash,5
TXN00139,2023-02-20 06:46:29.189189,54.0,Male,West,Clothing,7,499,2920.65,Credit Card,3
TXN00038,2023-01-14 11:33:20.000000,65.0,Female,North,Groceries,6,2999,1145.81,Debit Card,4
